Timestamp,IBEX SpotPrice (EUR/MWh),Consumption (kWh),ChargingPowerRegulation (kW),DischargingPowerRegulation (kW),EnergyLevel (kWh),PV Production (kWh),ActualSolarIrradiation (W/m^2),ActualTemperature (?)
15.10.2019 00:00,0.08891,55.394,0,0,133.866,0,0,14.08
15.10.2019 00:15,0.08891,55.665,0,0,133.866,0,1,14.18
15.10.2019 00:30,0.08891,54.211,0,0,133.866,0.02,7,14.31
15.10.2019 00:45,0.08891,51.458,0,0,133.866,0.097,17,14.46
15.10.2019 01:00,0.09353,18.597,0,180,133.866,0.195,35,14.62
15.10.2019 01:15,0.09353,24.197,0,180,100.701,0.326,56,14.77
15.10.2019 01:30,0.09353,40.865,0,81.14792,66.933,0.461,82,14.92
15.10.2019 01:45,0.09353,70.301,53.33469388,0,48.039,0.556,114,15.08
15.10.2019 02:00,0.08297,88.966,130.4530612,0,59.094,0.711,164,15.26
15.10.2019 02:15,0.08297,79.914,85.33061224,0,85.827,0.762,204,15.46
15.10.2019 02:30,0.08297,59.148,0,0,102.912,1.121,243,15.66
15.10.2019 02:45,0.08297,60.898,0,0,103.314,1.028,276,15.88
15.10.2019 03:00,0.07573,55.192,0,0,103.314,1.518,299,16.1
15.10.2019 03:15,0.07573,52.99,0,0,103.113,1.796,318,16.31
15.10.2019 03:30,0.07573,54.985,0,0,103.113,1.457,333,16.51
15.10.2019 03:45,0.07573,50.046,0,0,103.113,1.54,344,16.68
15.10.2019 04:00,0.07591,48.192,0,0,102.912,1.59,336,16.8
15.10.2019 04:15,0.07591,48.382,0,0,102.912,1.74,348,16.87
15.10.2019 04:30,0.07591,44.807,0,0,102.912,3.846,365,16.92
15.10.2019 04:45,0.07591,44.379,0,0,102.912,2.44,392,16.97
15.10.2019 05:00,0.06191,45.879,0,0,102.912,2.981,454,17.04
15.10.2019 05:15,0.06191,47.824,0,0,102.912,3.273,489,17.13
15.10.2019 05:30,0.06191,46.511,0,0,102.912,3.825,517,17.23
15.10.2019 05:45,0.06191,45.551,0,0,102.711,3.829,533,17.32
15.10.2019 06:00,0.06189,42.323,0,0,102.711,4.797,508,17.39
15.10.2019 06:15,0.06189,44.987,0,0,102.711,4.505,514,17.45
15.10.2019 06:30,0.06189,46.471,0,0,102.711,3.771,524,17.49
15.10.2019 06:45,0.06189,49.116,0,0,102.51,3.583,540,17.51
15.10.2019 07:00,0.06189,46.733,0,0,102.51,3.252,538,17.53
15.10.2019 07:15,0.06189,60.416,51.3877551,0,102.51,3.239,518,17.54
15.10.2019 07:30,0.06189,71.619,180,0,112.56,2.787,495,17.54
15.10.2019 07:45,0.06189,51.803,180,0,131.253,2.363,469,17.54
15.10.2019 08:00,0.06191,48.593,115.244098,0,133.866,2.144,451,17.52
15.10.2019 08:15,0.06191,50.976,104.7688196,0,133.866,1.981,419,17.49
15.10.2019 08:30,0.06191,42.993,104.7688196,0,133.866,1.693,386,17.45
15.10.2019 08:45,0.06191,43.226,104.7688196,0,133.866,1.406,351,17.39
15.10.2019 09:00,0.06958,44.335,0,0,133.866,0.749,310,17.31
15.10.2019 09:15,0.06958,44.566,0,0,133.866,0.328,273,17.21
15.10.2019 09:30,0.06958,46.564,0,0,133.866,0.31,230,17.09
15.10.2019 09:45,0.06958,46.112,0,0,133.866,0.328,188,16.94
15.10.2019 10:00,0.06958,44.971,0,0,133.866,0.321,149,16.77
15.10.2019 10:15,0.06958,47.336,104.7688196,0,133.866,0.292,111,16.58
15.10.2019 10:30,0.06958,57.125,104.7688196,0,133.866,0.243,75,16.35
15.10.2019 10:45,0.06958,49.569,104.7688196,0,133.866,0.185,44,16.06
15.10.2019 11:00,0.08298,49.476,0,0,133.866,0.117,16,15.71
15.10.2019 11:15,0.08298,53.029,0,0,133.866,0.037,2,15.33
15.10.2019 11:30,0.08298,52.612,0,0,133.866,0.002,0,14.99
15.10.2019 11:45,0.08298,41.804,0,0,133.866,0,0,14.76
15.10.2019 12:00,0.10795,6.199,0,180,133.866,0,0,14.72
15.10.2019 12:15,0.10795,12.873,0,180,100.701,0,0,14.85
15.10.2019 12:30,0.10795,23.894,0,81.14792,66.732,0,0,15.06
15.10.2019 12:45,0.10795,51.607,54.15510204,0,48.039,0,0,15.24
15.10.2019 13:00,0.08598,76.073,130.4530612,0,59.496,0,0,15.3
15.10.2019 13:15,0.08598,72.329,83.68979592,0,86.028,0,0,15.23
15.10.2019 13:30,0.08598,47.022,0,23.62976,102.912,0,0,15.07
15.10.2019 13:45,0.08598,33.212,0,89.81504,98.088,0,0,14.9
15.10.2019 14:00,0.07893,33.573,0,70.90496,78.591,0,0,14.78
15.10.2019 14:15,0.07893,50.728,5.751020408,0,62.712,0,0,14.73
15.10.2019 14:30,0.07893,65.633,70.56326531,0,63.918,0,0,14.71
15.10.2019 14:45,0.07893,63.616,65.64081633,0,78.39,0,0,14.71
15.10.2019 15:00,0.07197,37.64,6.571428571,0,91.857,0,0,14.69
15.10.2019 15:15,0.07197,22.829,0,46.47944,93.465,0,0,14.64
15.10.2019 15:30,0.07197,25.629,0,52.7828,83.415,0,0,14.59
15.10.2019 15:45,0.07197,29.739,0,13.3868,71.757,0,0,14.56
15.10.2019 16:00,0.06592,43.144,33.64489796,0,68.742,0,0,14.57
15.10.2019 16:15,0.06592,44.569,45.95102041,0,75.777,0,0,14.62
15.10.2019 16:30,0.06592,36.37,17.23673469,0,85.224,0,0,14.68
15.10.2019 16:45,0.06592,31.923,0,20.47808,88.842,0,0,14.74
15.10.2019 17:00,0.05399,32.093,0,0,84.42,0,0,14.76
15.10.2019 17:15,0.05399,40.855,0,0,84.42,0,0,14.75
15.10.2019 17:30,0.05399,53.138,0,0,84.42,0,0,14.72
15.10.2019 17:45,0.05399,40.97,0,0,84.42,0,0,14.68
15.10.2019 18:00,0.04174,44.959,0,0,84.42,0,0,14.65
15.10.2019 18:15,0.04174,47.116,0,0,84.42,0,0,14.61
15.10.2019 18:30,0.04174,45.799,0,0,84.42,0,0,14.58
15.10.2019 18:45,0.04174,45.291,0,0,84.219,0,0,14.55
15.10.2019 19:00,0.04252,45.583,0,0,84.219,0,0,14.51
15.10.2019 19:15,0.04252,43.388,0,0,84.219,0,0,14.46
15.10.2019 19:30,0.04252,46.327,0,0,84.219,0,0,14.39
15.10.2019 19:45,0.04252,46.095,0,0,84.219,0,0,14.3
15.10.2019 20:00,0.03922,43.684,0,0,84.018,0,0,14.24
15.10.2019 20:15,0.03922,45.495,0,0,84.018,0,0,14.32
15.10.2019 20:30,0.03922,45.14,0,0,84.018,0,0,14.4
15.10.2019 20:45,0.03922,43.959,0,0,84.018,0,0,14.45
15.10.2019 21:00,0.03574,72.399,126.8653061,0,84.018,0,0,14.48
15.10.2019 21:15,0.03574,70.219,180,0,108.942,0,0,14.49
15.10.2019 21:30,0.03574,47.317,180,0,130.248,0,0,14.48
15.10.2019 21:45,0.03574,45.006,119.2730512,0,133.866,0,0,14.45
15.10.2019 22:00,0.04169,43.454,104.7688196,0,133.866,0,0,14.4
15.10.2019 22:15,0.04169,43.534,104.7688196,0,133.866,0,0,14.35
15.10.2019 22:30,0.04169,44.347,104.7688196,0,133.866,0,0,14.29
15.10.2019 22:45,0.04169,42.753,104.7688196,0,133.866,0,0,14.23
15.10.2019 23:00,0.0502,43.338,104.7688196,0,133.866,0,0,14.19
15.10.2019 23:15,0.0502,47.883,104.7688196,0,133.866,0,0,14.15
15.10.2019 23:30,0.0502,54.832,104.7688196,0,133.866,0,0,14.11
15.10.2019 23:45,0.0502,54.45,104.7688196,0,133.866,0,0,14.09
16.10.2019 00:00,0.07308,53.735,0,0,133.866,0,0,14.06
16.10.2019 00:15,0.07308,52.029,0,0,133.866,0,1,14.04
16.10.2019 00:30,0.07308,49.703,0,0,133.866,0,9,14.05
16.10.2019 00:45,0.07308,52.915,0,0,133.866,0.039,23,14.12
16.10.2019 01:00,0.10353,21.395,0,180,133.866,0.119,47,14.24
16.10.2019 01:15,0.10353,22.189,0,180,100.701,0.166,68,14.43
16.10.2019 01:30,0.10353,36.634,0,81.14792,66.732,0.278,90,14.65
16.10.2019 01:45,0.10353,66.223,54.15510204,0,48.039,0.356,112,14.86
16.10.2019 02:00,0.08733,82.729,130.4530612,0,59.295,0.393,135,15.04
16.10.2019 02:15,0.08733,72.676,84.51020408,0,85.827,0.549,156,15.18
16.10.2019 02:30,0.08733,49.896,0,22.84184,102.912,0.539,177,15.29
16.10.2019 02:45,0.08733,33.557,0,89.81504,98.49,0.606,198,15.39
16.10.2019 03:00,0.07045,53.129,0,0,78.993,0.729,221,15.52
16.10.2019 03:15,0.07045,54.923,4.110204082,0,78.591,0.669,244,15.66
16.10.2019 03:30,0.07045,54.856,5.751020408,0,79.395,0.616,268,15.81
16.10.2019 03:45,0.07045,51.398,2.469387755,0,80.601,0.698,293,15.95
16.10.2019 04:00,0.06954,50.968,0,0,81.003,0.75,314,16.09
16.10.2019 04:15,0.06954,51.15,0,0,81.003,0.96,342,16.21
16.10.2019 04:30,0.06954,49.316,0,0,81.003,0.895,374,16.34
16.10.2019 04:45,0.06954,48.34,0,0,81.003,1.13,409,16.5
16.10.2019 05:00,0.05709,45.034,0,0,81.003,1.94,467,16.71
16.10.2019 05:15,0.05709,45.988,0,0,81.003,1.453,501,16.96
16.10.2019 05:30,0.05709,48.66,0,0,81.003,1.291,526,17.22
16.10.2019 05:45,0.05709,47.365,0,0,81.003,1.242,540,17.45
16.10.2019 06:00,0.04526,79.784,139.1714286,0,80.802,1.101,515,17.63
16.10.2019 06:15,0.04526,75.211,180,0,107.736,1.053,518,17.73
16.10.2019 06:30,0.04526,55.886,180,0,130.047,1.319,526,17.8
16.10.2019 06:45,0.04526,52.421,120.0788419,0,133.866,1.354,539,17.84
16.10.2019 07:00,0.05006,52.286,0,0,133.866,1.274,535,17.87
16.10.2019 07:15,0.05006,52.006,104.7688196,0,133.866,1.219,515,17.91
16.10.2019 07:30,0.05006,51.589,104.7688196,0,133.866,1.381,492,17.94
16.10.2019 07:45,0.05006,49.605,104.7688196,0,133.866,2.184,466,17.95
16.10.2019 08:00,0.06085,48.714,0,0,133.866,2.089,466,17.94
16.10.2019 08:15,0.06085,44.902,0,0,133.866,1.904,433,17.89
16.10.2019 08:30,0.06085,47.055,0,0,133.866,1.628,398,17.83
16.10.2019 08:45,0.06085,49.131,0,0,133.866,1.279,362,17.74
16.10.2019 09:00,0.06863,51.599,0,0,133.866,0.637,327,17.62
16.10.2019 09:15,0.06863,47.633,0,0,133.866,0.282,289,17.49
16.10.2019 09:30,0.06863,47.412,0,0,133.866,0.25,249,17.32
16.10.2019 09:45,0.06863,47.654,0,0,133.866,0.237,210,17.11
16.10.2019 10:00,0.06958,50.46,0,0,133.866,0.223,159,16.86
16.10.2019 10:15,0.06958,58.53,0,0,133.866,0.198,123,16.55
16.10.2019 10:30,0.06958,54.176,0,0,133.866,0.132,81,16.18
16.10.2019 10:45,0.06958,53.059,0,0,133.866,0.106,46,15.75
16.10.2019 11:00,0.07208,49.447,0,0,133.866,0.061,16,15.25
16.10.2019 11:15,0.07208,55.368,0,0,133.866,0.017,1,14.71
16.10.2019 11:30,0.07208,53.478,0,0,133.866,0,0,14.18
16.10.2019 11:45,0.07208,53.537,0,0,133.866,0,0,13.72
16.10.2019 12:00,0.06956,58.735,0,0,133.866,0,0,13.39
16.10.2019 12:15,0.06956,53.51,0,0,133.866,0,0,13.2
16.10.2019 12:30,0.06956,51.542,0,0,133.866,0,0,13.12
16.10.2019 12:45,0.06956,56.248,0,0,133.866,0,0,13.13
16.10.2019 13:00,0.08643,20.218,0,180,133.866,0,0,13.18
16.10.2019 13:15,0.08643,21.061,0,180,100.5,0,0,13.26
16.10.2019 13:30,0.08643,36.074,0,80.36,66.531,0,0,13.33
16.10.2019 13:45,0.08643,68.349,54.9755102,0,48.039,0,0,13.34
16.10.2019 14:00,0.06956,82.788,130.4530612,0,59.496,0,0,13.27
16.10.2019 14:15,0.06956,71.332,83.68979592,0,85.827,0,0,13.11
16.10.2019 14:30,0.06956,51.364,0,0,102.912,0,0,12.92
16.10.2019 14:45,0.06956,52.472,0,0,103.113,0,0,12.73
16.10.2019 15:00,0.06762,52.405,0,0,103.113,0,0,12.59
16.10.2019 15:15,0.06762,48.879,0,0,103.113,0,0,12.5
16.10.2019 15:30,0.06762,45.847,0,0,102.912,0,0,12.47
16.10.2019 15:45,0.06762,46.28,0,0,102.912,0,0,12.49
16.10.2019 16:00,0.04739,46.241,0,0,102.912,0,0,12.54
16.10.2019 16:15,0.04739,45.702,0,0,102.912,0,0,12.61
16.10.2019 16:30,0.04739,44.962,0,0,102.912,0,0,12.68
16.10.2019 16:45,0.04739,44.762,0,0,102.912,0,0,12.7
16.10.2019 17:00,0.04456,56.438,49.74693878,0,102.711,0,0,12.66
16.10.2019 17:15,0.04456,68.698,180,0,112.56,0,0,12.55
16.10.2019 17:30,0.04456,48.5,180,0,132.057,0,0,12.41
16.10.2019 17:45,0.04456,46.918,112.0209354,0,133.866,0,0,12.29
16.10.2019 18:00,0.05351,45.323,0,0,133.866,0,0,12.2
16.10.2019 18:15,0.05351,41.203,0,0,133.866,0,0,12.16
16.10.2019 18:30,0.05351,46.562,0,0,133.866,0,0,12.17
16.10.2019 18:45,0.05351,45.88,0,0,133.866,0,0,12.19
16.10.2019 19:00,0.05017,45.28,0,0,133.866,0,0,12.22
16.10.2019 19:15,0.05017,45.077,0,0,133.866,0,0,12.26
16.10.2019 19:30,0.05017,41.471,0,0,133.866,0,0,12.3
16.10.2019 19:45,0.05017,44.152,0,0,133.866,0,0,12.36
16.10.2019 20:00,0.04822,45.856,0,0,133.866,0,0,13.96
16.10.2019 20:15,0.04822,44.918,0,0,133.866,0,0,13.98
16.10.2019 20:30,0.04822,42.132,0,0,133.866,0,0,14
16.10.2019 20:45,0.04822,45.513,0,0,133.866,0,0,13.99
16.10.2019 21:00,0.04607,45.002,0,0,133.866,0,0,13.97
16.10.2019 21:15,0.04607,47.935,104.7688196,0,133.866,0,0,13.9
16.10.2019 21:30,0.04607,43.735,104.7688196,0,133.866,0,0,13.8
16.10.2019 21:45,0.04607,43.68,104.7688196,0,133.866,0,0,13.66
16.10.2019 22:00,0.04727,45.554,104.7688196,0,133.866,0,0,13.48
16.10.2019 22:15,0.04727,45.449,104.7688196,0,133.866,0,0,13.26
16.10.2019 22:30,0.04727,43.617,104.7688196,0,133.866,0,0,13.04
16.10.2019 22:45,0.04727,45.155,104.7688196,0,133.866,0,0,12.87
16.10.2019 23:00,0.06758,46.699,0,0,133.866,0,0,12.77
16.10.2019 23:15,0.06758,47.748,0,0,133.866,0,0,12.76
16.10.2019 23:30,0.06758,59.362,0,0,133.866,0,0,12.8
16.10.2019 23:45,0.06758,60.566,0,0,133.866,0,0,12.87
17.10.2019 00:00,0.06386,54.784,0,0,133.866,0,0,12.94
17.10.2019 00:15,0.06386,50.633,0,0,133.866,0,1,13.01
17.10.2019 00:30,0.06386,50.158,104.7688196,0,133.866,0.036,9,13.08
17.10.2019 00:45,0.06386,43.498,104.7688196,0,133.866,0.132,23,13.16
17.10.2019 01:00,0.06958,46.075,0,0,133.866,0.182,43,13.25
17.10.2019 01:15,0.06958,52.374,0,0,133.866,0.279,65,13.37
17.10.2019 01:30,0.06958,46.217,0,0,133.866,0.357,88,13.51
17.10.2019 01:45,0.06958,48.493,0,0,133.866,0.455,114,13.68
17.10.2019 02:00,0.07052,49.679,0,0,127.836,0.538,146,13.89
17.10.2019 02:15,0.07052,61.173,0,0,128.439,0.803,175,14.13
17.10.2019 02:30,0.07052,65.342,0,0,128.439,0.906,205,14.39
17.10.2019 02:45,0.07052,60.865,0,0,128.439,1.088,235,14.66
17.10.2019 03:00,0.07285,59.936,0,0,128.439,1.292,259,14.92
17.10.2019 03:15,0.07285,54.721,0,0,128.238,1.627,288,15.18
17.10.2019 03:30,0.07285,54.139,0,0,128.238,2.525,320,15.42
17.10.2019 03:45,0.07285,49.981,0,0,128.238,2.923,354,15.65
17.10.2019 04:00,0.06957,45.186,0,0,128.238,3.167,385,15.85
17.10.2019 04:15,0.06957,46.46,0,0,127.032,3.316,428,16.04
17.10.2019 04:30,0.06957,48.303,0,0,126.027,3.407,477,16.24
17.10.2019 04:45,0.06957,44.765,0,0,126.027,3.499,534,16.45
17.10.2019 05:00,0.06954,41.216,0,0,126.027,3.575,573,16.69
17.10.2019 05:15,0.06954,41.954,0,0,126.027,3.604,583,16.96
17.10.2019 05:30,0.06954,39.501,0,0,126.027,3.637,590,17.23
17.10.2019 05:45,0.06954,41.751,0,0,126.027,3.603,592,17.48
17.10.2019 06:00,0.06933,38.58,0,0,126.027,3.555,604,17.67
17.10.2019 06:15,0.06933,40.898,0,0,126.027,3.492,597,17.82
17.10.2019 06:30,0.06933,37.817,0,0,126.027,3.38,587,17.92
17.10.2019 06:45,0.06933,41.264,0,0,125.826,3.217,574,18
17.10.2019 07:00,0.06803,39.147,0,0,125.826,3.018,554,18.06
17.10.2019 07:15,0.06803,39.961,0,0,125.826,2.768,533,18.13
17.10.2019 07:30,0.06803,39.967,0,0,125.826,2.5,508,18.18
17.10.2019 07:45,0.06803,39.125,0,0,125.625,2.2,481,18.21
17.10.2019 08:00,0.06616,47.519,0,0,125.625,2.012,460,18.21
17.10.2019 08:15,0.06616,48.258,0,0,125.625,1.803,427,18.19
17.10.2019 08:30,0.06616,49.128,0,0,125.625,1.541,392,18.15
17.10.2019 08:45,0.06616,44.821,0,0,125.625,1.203,356,18.12
17.10.2019 09:00,0.06956,45.136,0,0,125.625,0.619,314,18.09
17.10.2019 09:15,0.06956,44.994,0,0,125.625,0.311,276,18.05
17.10.2019 09:30,0.06956,46.454,0,0,125.625,0.29,238,17.96
17.10.2019 09:45,0.06956,48.278,0,0,125.424,0.276,200,17.79
17.10.2019 10:00,0.0732,47.82,0,0,125.424,0.257,155,17.48
17.10.2019 10:15,0.0732,48.22,0,0,125.424,0.213,113,17.05
17.10.2019 10:30,0.0732,47.344,0,0,125.223,0.17,74,16.55
17.10.2019 10:45,0.0732,51.608,0,0,125.223,0.117,41,16.03
17.10.2019 11:00,0.07999,51.837,0,0,125.223,0.062,13,15.54
17.10.2019 11:15,0.07999,51.77,0,0,125.223,0.012,1,15.11
17.10.2019 11:30,0.07999,48.607,0,0,125.223,0,0,14.8
17.10.2019 11:45,0.07999,50.748,0,0,125.022,0,0,14.61
17.10.2019 12:00,0.09503,20.928,0,176.48624,125.022,0,0,14.58
17.10.2019 12:15,0.09503,23.192,0,176.48624,91.857,0,0,14.68
17.10.2019 12:30,0.09503,43.411,0,46.47944,57.888,0,0,14.86
17.10.2019 12:45,0.09503,73.648,90.25306122,0,47.034,0,0,15.05
17.10.2019 13:00,0.09253,85.058,134.555102,0,65.727,0,0,15.17
17.10.2019 13:15,0.09253,66.534,58.25714286,0,92.862,0,0,15.2
17.10.2019 13:30,0.09253,41.865,0,50.41904,104.721,0,0,15.18
17.10.2019 13:45,0.09253,31.787,0,96.90632,94.47,0,0,15.12
17.10.2019 14:00,0.06957,50.785,0,0,73.164,0,0,15.06
17.10.2019 14:15,0.06957,56.774,27.90204082,0,72.762,0,0,15
17.10.2019 14:30,0.06957,57.671,29.54285714,0,78.591,0,0,14.95
17.10.2019 14:45,0.06957,53.025,5.751020408,0,84.621,0,0,14.91
17.10.2019 15:00,0.06956,51.365,0,0,85.827,0,0,14.89
17.10.2019 15:15,0.06956,49.264,0,0,85.827,0,0,14.86
17.10.2019 15:30,0.06956,46.816,0,0,85.827,0,0,14.75
17.10.2019 15:45,0.06956,48.981,0,0,85.827,0,0,14.49
17.10.2019 16:00,0.06336,47.602,0,0,85.827,0,0,14.04
17.10.2019 16:15,0.06336,49.757,0,0,85.827,0,0,13.41
17.10.2019 16:30,0.06336,48.726,0,0,85.827,0,0,12.75
17.10.2019 16:45,0.06336,47.242,0,0,85.827,0,0,12.18
17.10.2019 17:00,0.05446,48.874,0,0,85.827,0,0,11.83
17.10.2019 17:15,0.05446,48.634,0,0,85.827,0,0,11.72
17.10.2019 17:30,0.05446,49.954,0,0,85.626,0,0,11.76
17.10.2019 17:45,0.05446,49.878,0,0,85.626,0,0,11.87
17.10.2019 18:00,0.05016,51.056,0,0,85.626,0,0,11.96
17.10.2019 18:15,0.05016,48.776,0,0,85.626,0,0,11.98
17.10.2019 18:30,0.05016,49.091,0,0,85.626,0,0,11.95
17.10.2019 18:45,0.05016,48.261,0,0,85.626,0,0,11.86
17.10.2019 19:00,0.04398,46.735,0,0,85.626,0,0,11.74
17.10.2019 19:15,0.04398,47.318,0,0,85.425,0,0,11.59
17.10.2019 19:30,0.04398,49.848,0,0,85.425,0,0,11.42
17.10.2019 19:45,0.04398,48.205,0,0,85.425,0,0,11.26
17.10.2019 20:00,0.04189,75.369,121.122449,0,85.425,0,0,12.91
17.10.2019 20:15,0.04189,74.883,180,0,108.942,0,0,12.65
17.10.2019 20:30,0.04189,53.138,180,0,130.851,0,0,12.4
17.10.2019 20:45,0.04189,46.519,116.8556793,0,133.866,0,0,12.18
17.10.2019 21:00,0.04828,49.312,0,0,133.866,0,0,11.99
17.10.2019 21:15,0.04828,48.21,0,0,133.866,0,0,11.85
17.10.2019 21:30,0.04828,49.427,0,0,133.866,0,0,11.73
17.10.2019 21:45,0.04828,50.864,0,0,133.866,0,0,11.63
17.10.2019 22:00,0.04968,49.271,0,0,133.866,0,0,11.53
17.10.2019 22:15,0.04968,47.274,0,0,133.866,0,0,11.43
17.10.2019 22:30,0.04968,47.964,0,0,133.866,0,0,11.33
17.10.2019 22:45,0.04968,49.943,0,0,133.866,0,0,11.23
17.10.2019 23:00,0.06699,50.11,0,0,133.866,0,0,11.14
17.10.2019 23:15,0.06699,51.582,0,0,133.866,0,0,11.07
17.10.2019 23:30,0.06699,59.168,0,0,133.866,0,0,11.02
17.10.2019 23:45,0.06699,59.963,0,0,133.866,0,0,11.01
18.10.2019 00:00,0.07839,29.18,0,180,133.866,0,0,11.05
18.10.2019 00:15,0.07839,27.928,0,180,100.5,0,0,11.14
18.10.2019 00:30,0.07839,38.403,0,80.36,66.531,0,11,11.29
18.10.2019 00:45,0.07839,67.838,54.9755102,0,48.039,0.029,29,11.52
18.10.2019 01:00,0.06812,83.432,130.4530612,0,59.496,0.123,62,11.82
18.10.2019 01:15,0.06812,73.439,83.68979592,0,85.827,0.241,91,12.19
18.10.2019 01:30,0.06812,51.671,0,22.84184,102.912,0.334,122,12.61
18.10.2019 01:45,0.06812,35.553,0,89.81504,98.49,0.593,153,13.05
18.10.2019 02:00,0.06706,38.931,0,72.4808,78.993,0.672,187,13.5
18.10.2019 02:15,0.06706,57.424,4.110204082,0,62.712,0.78,219,13.94
18.10.2019 02:30,0.06706,72.194,70.56326531,0,63.315,0.975,251,14.37
18.10.2019 02:45,0.06706,70.377,68.10204082,0,77.988,1.306,284,14.79
18.10.2019 03:00,0.06703,53.097,0,0,91.857,1.641,325,15.18
18.10.2019 03:15,0.06703,41.688,0,46.47944,92.058,2.012,357,15.57
18.10.2019 03:30,0.06703,38.199,0,47.26736,82.812,2.42,386,15.95
18.10.2019 03:45,0.06703,45.195,0,11.02304,72.36,2.775,411,16.32
18.10.2019 04:00,0.06701,52.616,31.18367347,0,69.948,3.078,431,16.68
18.10.2019 04:15,0.06701,54.46,41.02857143,0,76.38,3.233,445,17.04
18.10.2019 04:30,0.06701,46.521,14.7755102,0,84.621,3.393,454,17.38
18.10.2019 04:45,0.06701,51.012,14.7755102,0,87.837,3.453,459,17.67
18.10.2019 05:00,0.06267,46.695,0,0,90.852,3.549,439,17.9
18.10.2019 05:15,0.06267,47.365,0,0,90.852,3.58,443,18.08
18.10.2019 05:30,0.06267,43.544,0,0,90.852,3.645,452,18.2
18.10.2019 05:45,0.06267,44.726,0,0,90.852,3.604,470,18.3
18.10.2019 06:00,0.05881,45.775,0,0,90.852,3.391,525,18.37
18.10.2019 06:15,0.05881,46.232,0,0,90.852,3.217,545,18.42
18.10.2019 06:30,0.05881,45.022,0,0,90.852,3.26,554,18.45
18.10.2019 06:45,0.05881,47.487,0,0,90.852,2.935,542,18.46
18.10.2019 07:00,0.0462,45.448,0,0,90.651,3,537,18.44
18.10.2019 07:15,0.0462,46.581,0,0,90.651,2.44,516,18.39
18.10.2019 07:30,0.0462,47.22,0,0,90.651,2.272,493,18.32
18.10.2019 07:45,0.0462,47.413,0,0,90.651,2.19,466,18.22
18.10.2019 08:00,0.05018,46.327,0,0,90.651,2.053,437,18.11
18.10.2019 08:15,0.05018,41.562,0,0,90.651,1.832,405,17.98
18.10.2019 08:30,0.05018,38.738,0,0,90.651,1.543,372,17.84
18.10.2019 08:45,0.05018,36.055,0,0,90.651,1.193,337,17.69
18.10.2019 09:00,0.05883,40.852,0,0,90.45,0.626,293,17.52
18.10.2019 09:15,0.05883,44.374,0,0,90.45,0.41,257,17.34
18.10.2019 09:30,0.05883,46.719,0,0,90.45,0.369,221,17.12
18.10.2019 09:45,0.05883,47.998,0,0,90.45,0.444,185,16.87
18.10.2019 10:00,0.06699,48.329,0,0,90.45,0.375,147,16.56
18.10.2019 10:15,0.06699,50.442,0,0,90.45,0.294,107,16.21
18.10.2019 10:30,0.06699,54.218,0,0,90.45,0.233,70,15.85
18.10.2019 10:45,0.06699,53.684,0,0,90.45,0.156,38,15.49
18.10.2019 11:00,0.06701,53.98,0,0,90.45,0.075,10,15.18
18.10.2019 11:15,0.06701,54.928,0,0,90.45,0.009,0,14.93
18.10.2019 11:30,0.06701,55.652,0,0,90.45,0,0,14.77
18.10.2019 11:45,0.06701,57.308,0,0,90.249,0,0,14.71
18.10.2019 12:00,0.06702,57.115,0,0,90.249,0,0,14.78
18.10.2019 12:15,0.06702,54.447,0,0,90.249,0,0,14.94
18.10.2019 12:30,0.06702,54.655,0,0,90.249,0,0,15.13
18.10.2019 12:45,0.06702,55.686,0,0,90.249,0,0,15.26
18.10.2019 13:00,0.06703,52.952,0,0,90.048,0,0,15.27
18.10.2019 13:15,0.06703,53.361,0,0,90.048,0,0,15.15
18.10.2019 13:30,0.06703,51.917,0,0,90.048,0,0,14.97
18.10.2019 13:45,0.06703,52.058,0,0,90.048,0,0,14.8
18.10.2019 14:00,0.06701,55.014,0,0,90.048,0,0,14.72
18.10.2019 14:15,0.06701,52.021,0,0,90.048,0,0,14.74
18.10.2019 14:30,0.06701,53.105,0,0,90.048,0,0,14.83
18.10.2019 14:45,0.06701,52.012,0,0,90.048,0,0,14.94
18.10.2019 15:00,0.06699,50.414,0,0,89.847,0,0,15.04
18.10.2019 15:15,0.06699,47.394,0,0,89.847,0,0,15.1
18.10.2019 15:30,0.06699,47.65,0,0,89.847,0,0,15.15
18.10.2019 15:45,0.06699,45.892,0,0,89.847,0,0,15.18
18.10.2019 16:00,0.05881,45.126,0,0,89.847,0,0,15.2
18.10.2019 16:15,0.05881,46.372,0,0,89.847,0,0,15.2
18.10.2019 16:30,0.05881,47.31,0,0,89.847,0,0,15.12
18.10.2019 16:45,0.05881,46.892,0,0,89.847,0,0,14.91
18.10.2019 17:00,0.05018,45.41,0,0,89.847,0,0,14.53
18.10.2019 17:15,0.05018,47.379,0,0,89.847,0,0,14.01
18.10.2019 17:30,0.05018,46.782,0,0,89.847,0,0,13.47
18.10.2019 17:45,0.05018,44.776,0,0,89.847,0,0,13.04
18.10.2019 18:00,0.0502,45.062,0,0,89.847,0,0,12.84
18.10.2019 18:15,0.0502,46.244,0,0,89.646,0,0,12.89
18.10.2019 18:30,0.0502,46.309,0,0,89.646,0,0,13.07
18.10.2019 18:45,0.0502,46.062,0,0,89.646,0,0,13.29
18.10.2019 19:00,0.05017,46.546,0,0,89.646,0,0,13.44
18.10.2019 19:15,0.05017,43.83,0,0,89.646,0,0,13.48
18.10.2019 19:30,0.05017,45.507,0,0,89.646,0,0,13.44
18.10.2019 19:45,0.05017,46.141,0,0,89.646,0,0,13.34
18.10.2019 20:00,0.04536,46.456,0,0,89.445,0,0,13.39
18.10.2019 20:15,0.04536,47.302,0,0,89.445,0,0,13.3
18.10.2019 20:30,0.04536,44.809,0,0,89.445,0,0,13.23
18.10.2019 20:45,0.04536,44.242,0,0,89.445,0,0,13.19
18.10.2019 21:00,0.04263,46.556,0,0,89.445,0,0,13.21
18.10.2019 21:15,0.04263,47.737,0,0,89.445,0,0,13.29
18.10.2019 21:30,0.04263,46.279,0,0,89.445,0,0,13.39
18.10.2019 21:45,0.04263,45.976,0,0,89.445,0,0,13.51
18.10.2019 22:00,0.04258,67.776,104.7142857,0,89.445,0,0,13.64
18.10.2019 22:15,0.04258,72.669,180,0,109.545,0,0,13.75
18.10.2019 22:30,0.04258,51.319,180,0,131.052,0,0,13.84
18.10.2019 22:45,0.04258,46.748,116.0498886,0,133.866,0,0,13.92
18.10.2019 23:00,0.04824,45.781,0,0,133.866,0,0,13.97
18.10.2019 23:15,0.04824,49.564,104.7688196,0,133.866,0,0,14
18.10.2019 23:30,0.04824,58.542,104.7688196,0,133.866,0,0,14.02
18.10.2019 23:45,0.04824,54.14,104.7688196,0,133.866,0,0,14.06
19.10.2019 00:00,0.06699,59.912,0,0,133.866,0,0,14.12
19.10.2019 00:15,0.06699,58.552,0,0,133.866,0,0,14.21
19.10.2019 00:30,0.06699,53.772,0,0,133.866,0.001,5,14.32
19.10.2019 00:45,0.06699,53.178,0,0,133.866,0.062,13,14.44
19.10.2019 01:00,0.07995,18.648,0,180,133.866,0.191,20,14.56
19.10.2019 01:15,0.07995,20.536,0,180,100.701,0.357,32,14.69
19.10.2019 01:30,0.07995,37.447,0,81.14792,66.933,0.599,48,14.83
19.10.2019 01:45,0.07995,68.987,53.33469388,0,49.245,0.747,68,15.01
19.10.2019 02:00,0.06703,83.658,125.5306122,0,60.3,0.774,100,15.24
19.10.2019 02:15,0.06703,76.251,80.40816327,0,85.827,0.568,127,15.51
19.10.2019 02:30,0.06703,56.248,0,0,102.309,0.938,154,15.8
19.10.2019 02:45,0.06703,54.57,0,0,102.51,1.341,177,16.09
19.10.2019 03:00,0.06703,52.482,0,0,102.51,1.419,177,16.36
19.10.2019 03:15,0.06703,52.297,0,0,102.309,1.611,194,16.6
19.10.2019 03:30,0.06703,54.395,0,0,102.309,1.8,216,16.84
19.10.2019 03:45,0.06703,50.659,0,0,102.309,2.495,245,17.08
19.10.2019 04:00,0.06699,48.678,0,0,102.309,2.786,299,17.34
19.10.2019 04:15,0.06699,48.601,0,0,102.309,2.501,340,17.62
19.10.2019 04:30,0.06699,51.606,0,0,101.304,3.02,380,17.91
19.10.2019 04:45,0.06699,50.01,0,0,101.304,3.242,417,18.18
19.10.2019 05:00,0.06495,52.003,0,0,101.304,3.303,454,18.42
19.10.2019 05:15,0.06495,49.758,0,0,101.103,3.313,481,18.62
19.10.2019 05:30,0.06495,49.488,0,0,101.103,3.337,502,18.79
19.10.2019 05:45,0.06495,50.893,0,0,100.299,3.337,516,18.93
19.10.2019 06:00,0.04201,49.962,0,0,100.299,3.295,509,19.04
19.10.2019 06:15,0.04201,61.605,60.4122449,0,100.299,3.241,516,19.13
19.10.2019 06:30,0.04201,72.024,180,0,111.957,3.122,524,19.19
19.10.2019 06:45,0.04201,49.607,180,0,130.65,2.955,534,19.22
19.10.2019 07:00,0.04208,44.529,0,0,133.866,2.752,528,19.22
19.10.2019 07:15,0.04208,45.193,104.7688196,0,133.866,2.53,508,19.2
19.10.2019 07:30,0.04208,44.303,104.7688196,0,133.866,2.279,484,19.15
19.10.2019 07:45,0.04208,44.19,104.7688196,0,133.866,2.1,458,19.07
19.10.2019 08:00,0.04308,43.967,104.7688196,0,133.866,1.923,443,18.96
19.10.2019 08:15,0.04308,46.34,104.7688196,0,133.866,1.689,411,18.84
19.10.2019 08:30,0.04308,44.494,104.7688196,0,133.866,1.432,377,18.71
19.10.2019 08:45,0.04308,47.417,104.7688196,0,133.866,1.126,341,18.58
19.10.2019 09:00,0.06259,48.354,0,0,133.866,0.603,302,18.44
19.10.2019 09:15,0.06259,50.028,104.7688196,0,133.866,0.426,264,18.31
19.10.2019 09:30,0.06259,56.387,104.7688196,0,133.866,0.39,227,18.15
19.10.2019 09:45,0.06259,50.79,104.7688196,0,133.866,0.352,190,17.95
19.10.2019 10:00,0.06891,49.505,104.7688196,0,133.866,0.315,145,17.69
19.10.2019 10:15,0.06891,52.918,104.7688196,0,133.866,0.258,102,17.37
19.10.2019 10:30,0.06891,56.94,104.7688196,0,133.866,0.19,64,17.02
19.10.2019 10:45,0.06891,61.594,104.7688196,0,133.866,0.12,33,16.65
19.10.2019 11:00,0.09791,59.413,0,0,133.866,0.052,8,16.28
19.10.2019 11:15,0.09791,61.274,0,0,133.866,0.005,0,15.94
19.10.2019 11:30,0.09791,60.963,0,0,133.866,0,0,15.64
19.10.2019 11:45,0.09791,59.762,0,0,133.866,0,0,15.41
19.10.2019 12:00,0.1101,27.721,0,180,133.866,0,0,15.26
19.10.2019 12:15,0.1101,29.016,0,180,100.701,0,0,15.2
19.10.2019 12:30,0.1101,42.589,0,81.14792,66.732,0,0,15.19
19.10.2019 12:45,0.1101,74.306,54.15510204,0,49.245,0,0,15.19
19.10.2019 13:00,0.08039,88.043,125.5306122,0,60.501,0,0,15.19
19.10.2019 13:15,0.08039,76.333,79.5877551,0,86.028,0,0,15.18
19.10.2019 13:30,0.08039,52.795,0,23.62976,102.309,0,0,15.18
19.10.2019 13:45,0.08039,36.776,0,87.45128,97.485,0,0,15.2
19.10.2019 14:00,0.07563,39.063,0,68.5412,78.591,0,0,15.27
19.10.2019 14:15,0.07563,52.507,5.751020408,0,63.315,0,0,15.39
19.10.2019 14:30,0.07563,65.186,68.10204082,0,64.119,0,0,15.53
19.10.2019 14:45,0.07563,69.003,64.82040816,0,78.39,0,0,15.67
19.10.2019 15:00,0.06699,55.448,6.571428571,0,91.656,0,0,15.79
19.10.2019 15:15,0.06699,41.468,0,45.69152,93.063,0,0,15.88
19.10.2019 15:30,0.06699,37.474,0,51.20696,83.415,0,0,15.94
19.10.2019 15:45,0.06699,44.96,0,13.3868,71.958,0,0,16
19.10.2019 16:00,0.03908,53.07,32.8244898,0,68.943,0,0,16.06
19.10.2019 16:15,0.03908,57.366,45.13061224,0,75.777,0,0,16.11
19.10.2019 16:30,0.03908,51.783,17.23673469,0,85.023,0,0,16.17
19.10.2019 16:45,0.03908,48.767,0,0,88.842,0,0,16.22
19.10.2019 17:00,0.03519,47.655,0,0,88.842,0,0,16.26
19.10.2019 17:15,0.03519,46.608,0,0,88.842,0,0,16.29
19.10.2019 17:30,0.03519,45.148,0,0,88.842,0,0,16.3
19.10.2019 17:45,0.03519,46.388,0,0,88.641,0,0,16.3
19.10.2019 18:00,0.03801,45.847,0,0,88.641,0,0,16.27
19.10.2019 18:15,0.03801,44.157,0,0,88.641,0,0,16.23
19.10.2019 18:30,0.03801,45.006,0,0,88.641,0,0,16.17
19.10.2019 18:45,0.03801,43.317,0,0,88.641,0,0,16.1
19.10.2019 19:00,0.03637,43.064,0,0,88.44,0,0,16.02
19.10.2019 19:15,0.03637,44.615,0,0,88.44,0,0,15.93
19.10.2019 19:30,0.03637,46.257,0,0,88.44,0,0,15.8
19.10.2019 19:45,0.03637,45.569,0,0,88.44,0,0,15.63
19.10.2019 20:00,0.03135,42.712,0,0,88.44,0,0,15.26
19.10.2019 20:15,0.03135,44.353,0,0,88.44,0,0,15.25
19.10.2019 20:30,0.03135,46.798,0,0,88.44,0,0,15.23
19.10.2019 20:45,0.03135,45.33,0,0,88.44,0,0,15.2
19.10.2019 21:00,0.03134,42.975,0,0,88.44,0,0,15.16
19.10.2019 21:15,0.03134,43.791,0,0,88.44,0,0,15.1
19.10.2019 21:30,0.03134,46.044,0,0,88.44,0,0,15.07
19.10.2019 21:45,0.03134,45.05,0,0,88.239,0,0,15.07
19.10.2019 22:00,0.03136,43.561,0,0,88.239,0,0,15.15
19.10.2019 22:15,0.03136,44.742,0,0,88.239,0,0,15.28
19.10.2019 22:30,0.03136,44.623,0,0,88.239,0,0,15.43
19.10.2019 22:45,0.03136,47.235,0,0,88.239,0,0,15.57
19.10.2019 23:00,0.03131,43.486,0,0,88.239,0,0,15.66
19.10.2019 23:15,0.03131,50.145,0,0,88.239,0,0,15.68
19.10.2019 23:30,0.03131,61.778,0,0,88.239,0,0,15.63
19.10.2019 23:45,0.03131,57.986,0,0,88.239,0,0,15.53
20.10.2019 00:00,0.03499,61.757,0,0,88.239,0,0,15.39
20.10.2019 00:15,0.03499,59.426,0,0,88.038,0,0,15.23
20.10.2019 00:30,0.03499,56.643,0,0,88.038,0,9,15.11
20.10.2019 00:45,0.03499,55.852,0,0,88.038,0.005,28,15.09
20.10.2019 01:00,0.03755,53.361,0,0,88.038,0.039,57,15.21
20.10.2019 01:15,0.03755,55.793,0,0,88.038,0.086,86,15.48
20.10.2019 01:30,0.03755,58.69,0,0,87.837,0.145,118,15.83
20.10.2019 01:45,0.03755,58.658,0,0,87.837,0.172,152,16.22
20.10.2019 02:00,0.03714,55.733,0,0,87.837,0.213,194,16.59
20.10.2019 02:15,0.03714,57.21,0,0,87.837,0.31,226,16.91
20.10.2019 02:30,0.03714,56.892,0,0,87.837,0.345,255,17.18
20.10.2019 02:45,0.03714,56.572,0,0,87.837,0.435,277,17.39
20.10.2019 03:00,0.03704,58.731,0,0,87.837,0.475,280,17.57
20.10.2019 03:15,0.03704,55.163,0,0,87.837,0.684,291,17.7
20.10.2019 03:30,0.03704,53.305,0,0,87.837,0.79,303,17.8
20.10.2019 03:45,0.03704,50.424,0,0,87.837,1.184,318,17.88
20.10.2019 04:00,0.03398,48.544,0,0,87.636,2.336,343,17.96
20.10.2019 04:15,0.03398,45.016,0,0,87.636,2.517,366,18.03
20.10.2019 04:30,0.03398,47.335,0,0,87.636,1.763,390,18.11
20.10.2019 04:45,0.03398,51.567,0,0,87.636,3.125,415,18.19
20.10.2019 05:00,0.03574,48.144,0,0,87.636,3.252,448,18.28
20.10.2019 05:15,0.03574,47.298,0,0,87.636,2.97,468,18.38
20.10.2019 05:30,0.03574,46.303,0,0,87.636,3.436,481,18.47
20.10.2019 05:45,0.03574,48.007,0,0,87.636,3.068,486,18.53
20.10.2019 06:00,0.03294,46.786,0,0,87.636,2.804,434,18.55
20.10.2019 06:15,0.03294,45.082,0,0,87.636,3.218,442,18.53
20.10.2019 06:30,0.03294,45.986,0,0,87.435,2.9,463,18.48
20.10.2019 06:45,0.03294,45.003,0,0,87.435,3.124,502,18.43
20.10.2019 07:00,0.03069,46.708,0,0,87.435,2.882,512,18.37
20.10.2019 07:15,0.03069,46.01,0,0,87.435,2.552,492,18.32
20.10.2019 07:30,0.03069,46.525,0,0,87.435,2.28,469,18.27
20.10.2019 07:45,0.03069,45.492,0,0,87.435,2.038,444,18.22
20.10.2019 08:00,0.03064,72.412,112.9183673,0,87.435,1.863,431,18.15
20.10.2019 08:15,0.03064,70.854,180,0,108.942,1.661,399,18.06
20.10.2019 08:30,0.03064,51.66,180,0,131.253,1.393,365,17.97
20.10.2019 08:45,0.03064,50.582,115.244098,0,133.866,1.083,331,17.87
20.10.2019 09:00,0.03624,50.764,0,0,133.866,0.605,290,17.78
20.10.2019 09:15,0.03624,54.961,0,0,133.866,0.402,254,17.68
20.10.2019 09:30,0.03624,51.255,0,0,133.866,0.35,218,17.54
20.10.2019 09:45,0.03624,49.723,0,0,133.866,0.314,181,17.33
20.10.2019 10:00,0.04428,47.294,0,0,133.866,0.281,139,17.04
20.10.2019 10:15,0.04428,51.445,0,0,133.866,0.229,97,16.66
20.10.2019 10:30,0.04428,52.711,0,0,133.866,0.17,61,16.24
20.10.2019 10:45,0.04428,57.081,0,0,133.866,0.107,31,15.8
20.10.2019 11:00,0.05128,57.099,0,0,133.866,0.045,7,15.39
20.10.2019 11:15,0.05128,56.877,0,0,133.866,0.004,0,15.02
20.10.2019 11:30,0.05128,55.351,0,0,133.866,0,0,14.71
20.10.2019 11:45,0.05128,52.536,0,0,133.866,0,0,14.47
20.10.2019 12:00,0.05578,54.293,0,0,133.665,0,0,14.29
20.10.2019 12:15,0.05578,54.845,0,0,133.665,0,0,14.18
20.10.2019 12:30,0.05578,56.083,0,0,133.665,0,0,14.1
20.10.2019 12:45,0.05578,54.96,0,0,133.665,0,0,14.04
20.10.2019 13:00,0.05976,21.394,0,180,133.665,0,0,13.97
20.10.2019 13:15,0.05976,22.451,0,180,100.299,0,0,13.9
20.10.2019 13:30,0.05976,35.107,0,79.57208,66.33,0,0,13.82
20.10.2019 13:45,0.05976,65.121,55.79591837,0,49.647,0,0,13.74
20.10.2019 14:00,0.05577,79.619,123.8897959,0,61.305,0,0,13.68
20.10.2019 14:15,0.05577,67.624,76.30612245,0,86.631,0,0,13.64
20.10.2019 14:30,0.05577,51.51,0,0,102.108,0,0,13.61
20.10.2019 14:45,0.05577,51.674,0,0,100.5,0,0,13.59
20.10.2019 15:00,0.05333,50.709,0,0,100.5,0,0,13.58
20.10.2019 15:15,0.05333,48.493,0,0,100.5,0,0,13.57
20.10.2019 15:30,0.05333,46.329,0,0,99.696,0,0,13.57
20.10.2019 15:45,0.05333,47.158,0,0,99.696,0,0,13.61
20.10.2019 16:00,0.03972,46.113,0,0,99.696,0,0,13.7
20.10.2019 16:15,0.03972,45.685,0,0,99.696,0,0,13.81
20.10.2019 16:30,0.03972,46.028,0,0,99.495,0,0,13.94
20.10.2019 16:45,0.03972,46.18,0,0,99.495,0,0,14.06
20.10.2019 17:00,0.03338,45.904,0,0,99.495,0,0,14.13
20.10.2019 17:15,0.03338,44.802,0,0,99.495,0,0,14.17
20.10.2019 17:30,0.03338,45.235,0,0,99.495,0,0,14.2
20.10.2019 17:45,0.03338,45.051,0,0,99.294,0,0,14.24
20.10.2019 18:00,0.03753,46.781,0,0,99.294,0,0,14.33
20.10.2019 18:15,0.03753,46.138,0,0,99.294,0,0,14.46
20.10.2019 18:30,0.03753,46.04,0,0,99.093,0,0,14.59
20.10.2019 18:45,0.03753,48.227,0,0,99.093,0,0,14.68
20.10.2019 19:00,0.03357,46.482,0,0,99.093,0,0,14.7
20.10.2019 19:15,0.03357,46.356,0,0,99.093,0,0,14.65
20.10.2019 19:30,0.03357,47.822,0,0,99.093,0,0,14.6
20.10.2019 19:45,0.03357,49.086,0,0,99.093,0,0,14.6
20.10.2019 20:00,0.0295,48.643,0,0,99.093,0,0,16.18
20.10.2019 20:15,0.0295,45.905,0,0,98.892,0,0,15.93
20.10.2019 20:30,0.0295,46.52,0,0,98.892,0,0,15.71
20.10.2019 20:45,0.0295,48.81,0,0,98.892,0,0,15.55
20.10.2019 21:00,0.02952,48.091,0,0,98.892,0,0,15.48
20.10.2019 21:15,0.02952,47.147,0,0,98.892,0,0,15.49
20.10.2019 21:30,0.02952,46.437,0,0,98.892,0,0,15.52
20.10.2019 21:45,0.02952,46.138,0,0,97.887,0,0,15.53
20.10.2019 22:00,0.02859,62.568,70.25714286,0,97.887,0,0,15.47
20.10.2019 22:15,0.02859,69.888,180,0,111.756,0,0,15.33
20.10.2019 22:30,0.02859,51.019,180,0,130.248,0,0,15.14
20.10.2019 22:45,0.02859,48.223,119.2730512,0,133.866,0,0,14.94
20.10.2019 23:00,0.03355,46.586,104.7688196,0,133.866,0,0,14.76
20.10.2019 23:15,0.03355,52.877,104.7688196,0,133.866,0,0,14.63
20.10.2019 23:30,0.03355,61.156,104.7688196,0,133.866,0,0,14.54
20.10.2019 23:45,0.03355,62.208,104.7688196,0,133.866,0,0,14.51
21.10.2019 00:00,0.05098,58.923,0,0,133.866,0,0,14.53
21.10.2019 00:15,0.05098,60.81,104.7688196,0,133.866,0,0,14.61
21.10.2019 00:30,0.05098,59.155,104.7688196,0,133.866,0.004,5,14.75
21.10.2019 00:45,0.05098,54.371,104.7688196,0,133.866,0.072,18,14.95
21.10.2019 01:00,0.06699,55.342,0,0,133.866,0.172,39,15.22
21.10.2019 01:15,0.06699,58.551,0,0,133.866,0.271,58,15.53
21.10.2019 01:30,0.06699,58.608,0,0,133.866,0.399,76,15.86
21.10.2019 01:45,0.06699,61.098,0,0,133.866,0.769,95,16.18
21.10.2019 02:00,0.06699,58.011,0,0,133.866,0.8,111,16.46
21.10.2019 02:15,0.06699,58.861,0,0,133.866,0.771,130,16.7
21.10.2019 02:30,0.06699,57.136,0,0,133.866,0.932,151,16.9
21.10.2019 02:45,0.06699,61.597,0,0,133.866,1.166,175,17.07
21.10.2019 03:00,0.06398,58.114,0,0,133.866,1.246,213,17.24
21.10.2019 03:15,0.06398,53.131,0,0,133.866,1.891,244,17.42
21.10.2019 03:30,0.06398,50.609,0,0,133.866,2.295,276,17.6
21.10.2019 03:45,0.06398,49.613,0,0,133.866,2.499,306,17.8
21.10.2019 04:00,0.0619,47.305,0,0,133.866,2.186,343,18.01
21.10.2019 04:15,0.0619,46.4,0,0,133.866,1.689,365,18.24
21.10.2019 04:30,0.0619,43.68,0,0,133.866,1.646,381,18.45
21.10.2019 04:45,0.0619,45.459,0,0,133.866,1.842,388,18.62
21.10.2019 05:00,0.05498,39.459,0,0,133.866,2.416,368,18.73
21.10.2019 05:15,0.05498,38.604,104.7688196,0,133.866,3.212,366,18.78
21.10.2019 05:30,0.05498,41.532,104.7688196,0,133.866,3.322,365,18.79
21.10.2019 05:45,0.05498,40.472,104.7688196,0,133.866,3.292,369,18.77
21.10.2019 06:00,0.05659,40.427,0,0,133.866,3.298,386,18.76
21.10.2019 06:15,0.05659,40.353,104.7688196,0,133.866,3.22,395,18.75
21.10.2019 06:30,0.05659,37.979,104.7688196,0,133.866,3.106,402,18.76
21.10.2019 06:45,0.05659,38.735,104.7688196,0,133.866,2.925,406,18.76
21.10.2019 07:00,0.06187,39.192,0,0,133.866,2.699,421,18.78
21.10.2019 07:15,0.06187,37.474,0,0,133.866,2.529,412,18.78
21.10.2019 07:30,0.06187,38.592,104.7688196,0,133.866,2.268,394,18.75
21.10.2019 07:45,0.06187,39.704,104.7688196,0,133.866,2.022,364,18.66
21.10.2019 08:00,0.06188,45.684,0,0,133.866,1.823,301,18.51
21.10.2019 08:15,0.06188,45,0,0,133.866,1.663,271,18.28
21.10.2019 08:30,0.06188,49.209,104.7688196,0,133.866,1.332,247,18.03
21.10.2019 08:45,0.06188,49.037,104.7688196,0,133.866,1.132,229,17.78
21.10.2019 09:00,0.06191,51.974,0,0,133.866,0.618,237,17.58
21.10.2019 09:15,0.06191,52.336,104.7688196,0,133.866,0.432,217,17.43
21.10.2019 09:30,0.06191,52.734,104.7688196,0,133.866,0.365,191,17.29
21.10.2019 09:45,0.06191,52.656,104.7688196,0,133.866,0.34,159,17.13
21.10.2019 10:00,0.06699,50.793,0,0,133.866,0.303,123,16.93
21.10.2019 10:15,0.06699,49.552,0,0,133.866,0.262,88,16.67
21.10.2019 10:30,0.06699,52.679,104.7688196,0,133.866,0.209,56,16.35
21.10.2019 10:45,0.06699,51.957,104.7688196,0,133.866,0.118,28,15.97
21.10.2019 11:00,0.06701,52.584,0,0,133.866,0.044,5,15.55
21.10.2019 11:15,0.06701,52.078,104.7688196,0,133.866,0.002,0,15.1
21.10.2019 11:30,0.06701,56.057,104.7688196,0,133.866,0,0,14.67
21.10.2019 11:45,0.06701,54.078,104.7688196,0,133.866,0,0,14.31
21.10.2019 12:00,0.10216,19.133,0,180,133.866,0,0,14.05
21.10.2019 12:15,0.10216,44.684,0,31.15472,100.902,0,0,13.89
21.10.2019 12:30,0.10216,32.822,0,81.93584,93.867,0,0,13.79
21.10.2019 12:45,0.10216,39.867,0,54.35864,75.777,0,0,13.7
21.10.2019 13:00,0.07151,55.05,17.23673469,0,63.918,0,0,13.59
21.10.2019 13:15,0.07151,64.899,65.64081633,0,67.134,0,0,13.45
21.10.2019 13:30,0.07151,63.429,52.51428571,0,80.601,0,0,13.32
21.10.2019 13:45,0.07151,49.712,0,2.35592,91.455,0,0,13.26
21.10.2019 14:00,0.067,52,0,0,91.053,0,0,13.31
21.10.2019 14:15,0.067,50.583,0,0,91.053,0,0,13.46
21.10.2019 14:30,0.067,51.7,0,0,91.053,0,0,13.68
21.10.2019 14:45,0.067,50.945,0,0,91.053,0,0,13.92
21.10.2019 15:00,0.06698,50.946,0,0,91.053,0,0,14.13
21.10.2019 15:15,0.06698,44.872,0,0,91.053,0,0,14.29
21.10.2019 15:30,0.06698,46.179,0,0,90.852,0,0,14.4
21.10.2019 15:45,0.06698,46.723,0,0,90.852,0,0,14.45
21.10.2019 16:00,0.06188,45.487,0,0,90.852,0,0,14.44
21.10.2019 16:15,0.06188,42.943,0,0,90.852,0,0,14.37
21.10.2019 16:30,0.06188,46.046,0,0,90.852,0,0,14.25
21.10.2019 16:45,0.06188,46.253,0,0,90.852,0,0,14.07
21.10.2019 17:00,0.04866,45.232,0,0,90.852,0,0,13.83
21.10.2019 17:15,0.04866,46.281,0,0,90.852,0,0,13.55
21.10.2019 17:30,0.04866,45.875,0,0,90.852,0,0,13.25
21.10.2019 17:45,0.04866,46.375,0,0,90.852,0,0,12.93
21.10.2019 18:00,0.04628,44.278,0,0,90.852,0,0,12.6
21.10.2019 18:15,0.04628,42.717,0,0,90.852,0,0,12.3
21.10.2019 18:30,0.04628,44.8,0,0,90.852,0,0,12.02
21.10.2019 18:45,0.04628,44.505,0,0,90.651,0,0,11.78
21.10.2019 19:00,0.0448,44.951,0,0,90.651,0,0,11.6
21.10.2019 19:15,0.0448,45.271,0,0,90.651,0,0,11.47
21.10.2019 19:30,0.0448,45.684,0,0,90.651,0,0,11.38
21.10.2019 19:45,0.0448,44.673,0,0,90.651,0,0,11.3
21.10.2019 20:00,0.03892,65.887,99.79183673,0,90.651,0,0,12.6
21.10.2019 20:15,0.03892,68.227,180,0,109.746,0,0,12.47
21.10.2019 20:30,0.03892,48.061,180,0,130.248,0,0,12.35
21.10.2019 20:45,0.03892,46.829,119.2730512,0,133.866,0,0,12.24
21.10.2019 21:00,0.03908,44.432,0,0,133.866,0,0,12.14
21.10.2019 21:15,0.03908,45.087,104.7688196,0,133.866,0,0,12.07
21.10.2019 21:30,0.03908,45.405,104.7688196,0,133.866,0,0,12.02
21.10.2019 21:45,0.03908,44.362,104.7688196,0,133.866,0,0,12
21.10.2019 22:00,0.04336,42.694,0,0,133.866,0,0,12.01
21.10.2019 22:15,0.04336,43.965,0,0,133.866,0,0,12.03
21.10.2019 22:30,0.04336,45.022,0,0,133.866,0,0,12.06
21.10.2019 22:45,0.04336,44.498,0,0,133.866,0,0,12.07
21.10.2019 23:00,0.05021,44.456,0,0,133.866,0,0,12.05
21.10.2019 23:15,0.05021,48.006,0,0,133.866,0,0,12
21.10.2019 23:30,0.05021,59.648,0,0,133.866,0,0,11.94
21.10.2019 23:45,0.05021,59.543,0,0,133.866,0,0,11.89
22.10.2019 00:00,0.06406,55.97,0,0,133.866,0,0,11.87
22.10.2019 00:15,0.06406,54.161,0,0,133.866,0,0,11.89
22.10.2019 00:30,0.06406,53.611,0,0,133.866,0,6,11.97
22.10.2019 00:45,0.06406,52.425,0,0,133.866,0.025,22,12.11
22.10.2019 01:00,0.06802,53.049,0,0,133.866,0.102,49,12.31
22.10.2019 01:15,0.06802,52.927,0,0,133.866,0.201,76,12.59
22.10.2019 01:30,0.06802,52.66,0,0,133.866,0.321,106,12.91
22.10.2019 01:45,0.06802,57.889,0,0,133.866,0.514,138,13.28
22.10.2019 02:00,0.06803,56.094,0,0,133.866,0.701,176,13.67
22.10.2019 02:15,0.06803,57.876,0,0,133.866,0.762,210,14.08
22.10.2019 02:30,0.06803,60.562,0,0,133.866,0.782,244,14.5
22.10.2019 02:45,0.06803,59.667,0,0,133.866,0.807,275,14.92
22.10.2019 03:00,0.05885,59.134,0,0,133.665,1.096,304,15.33
22.10.2019 03:15,0.05885,55.243,0,0,133.665,1.291,332,15.75
22.10.2019 03:30,0.05885,50.134,0,0,133.665,1.13,357,16.15
22.10.2019 03:45,0.05885,51.05,0,0,133.665,1.497,381,16.53
22.10.2019 04:00,0.05883,46.829,0,0,133.665,2.272,407,16.88
22.10.2019 04:15,0.05883,46.672,0,0,133.665,3.078,427,17.22
22.10.2019 04:30,0.05883,49.731,0,0,133.464,3.201,446,17.53
22.10.2019 04:45,0.05883,49.103,0,0,133.464,3.281,461,17.83
22.10.2019 05:00,0.05823,42.975,0,0,133.464,3.311,477,18.12
22.10.2019 05:15,0.05823,41.711,0,0,133.263,3.358,485,18.4
22.10.2019 05:30,0.05823,47.053,0,0,133.263,3.403,487,18.66
22.10.2019 05:45,0.05823,46.854,0,0,133.263,3.377,484,18.89
22.10.2019 06:00,0.0541,50.616,0,0,133.263,3.36,429,19.08
22.10.2019 06:15,0.0541,50.698,0,0,133.263,3.263,433,19.22
22.10.2019 06:30,0.0541,49.675,0,0,133.263,3.152,452,19.34
22.10.2019 06:45,0.0541,49.994,0,0,132.258,2.975,490,19.42
22.10.2019 07:00,0.05332,51.377,0,0,132.258,2.726,499,19.49
22.10.2019 07:15,0.05332,50.7,0,0,132.258,2.524,479,19.55
22.10.2019 07:30,0.05332,49.032,0,0,132.258,2.257,457,19.59
22.10.2019 07:45,0.05332,46.779,0,0,131.253,2.028,431,19.6
22.10.2019 08:00,0.05502,53.047,0,0,131.253,1.87,424,19.59
22.10.2019 08:15,0.05502,57.281,0,0,131.253,1.639,393,19.56
22.10.2019 08:30,0.05502,54.558,0,0,131.253,1.35,359,19.5
22.10.2019 08:45,0.05502,53.399,0,0,131.052,1.069,324,19.42
22.10.2019 09:00,0.0588,50.975,0,0,131.052,0.571,283,19.33
22.10.2019 09:15,0.0588,51.624,0,0,131.052,0.3,247,19.2
22.10.2019 09:30,0.0588,56.083,0,0,131.052,0.273,210,19
22.10.2019 09:45,0.0588,54.431,0,0,131.052,0.261,174,18.69
22.10.2019 10:00,0.0602,59.627,0,0,131.052,0.246,131,18.25
22.10.2019 10:15,0.0602,60.016,0,0,131.052,0.203,90,17.69
22.10.2019 10:30,0.0602,60.737,0,0,131.052,0.151,54,17.07
22.10.2019 10:45,0.0602,57.531,0,0,131.052,0.095,25,16.47
22.10.2019 11:00,0.06801,57.527,0,0,130.851,0.04,4,15.95
22.10.2019 11:15,0.06801,57.542,0,0,130.851,0.002,0,15.54
22.10.2019 11:30,0.06801,58.624,0,0,130.851,0,0,15.2
22.10.2019 11:45,0.06801,58.585,0,0,130.851,0,0,14.91
22.10.2019 12:00,0.06805,61.675,0,0,130.65,0,0,14.64
22.10.2019 12:15,0.06805,55.454,0,0,130.65,0,0,14.38
22.10.2019 12:30,0.06805,55.931,0,0,130.65,0,0,14.13
22.10.2019 12:45,0.06805,54.595,0,0,130.65,0,0,13.9
22.10.2019 13:00,0.07211,19.342,0,180,130.65,0,0,13.7
22.10.2019 13:15,0.07211,22.136,0,180,97.284,0,0,13.53
22.10.2019 13:30,0.07211,39.095,0,67.75328,63.516,0,0,13.37
22.10.2019 13:45,0.07211,70.135,67.28163265,0,47.838,0,0,13.22
22.10.2019 14:00,0.06801,82.966,131.2734694,0,61.506,0,0,13.07
22.10.2019 14:15,0.06801,71.287,75.48571429,0,88.239,0,0,12.92
22.10.2019 14:30,0.06801,47.824,0,32.29688,103.716,0,0,12.77
22.10.2019 14:45,0.06801,32.384,0,92.96672,97.284,0,0,12.64
22.10.2019 15:00,0.05882,50.446,0,0,77.184,0,0,12.52
22.10.2019 15:15,0.05882,50.125,11.49387755,0,76.782,0,0,12.42
22.10.2019 15:30,0.05882,52.33,13.13469388,0,78.993,0,0,12.32
22.10.2019 15:45,0.05882,48.913,4.110204082,0,81.807,0,0,12.22
22.10.2019 16:00,0.05882,46.529,0,0,82.611,0,0,12.1
22.10.2019 16:15,0.05882,50.21,0,0,82.611,0,0,11.97
22.10.2019 16:30,0.05882,46.727,0,0,82.611,0,0,11.85
22.10.2019 16:45,0.05882,46.117,0,0,82.611,0,0,11.75
22.10.2019 17:00,0.04634,46.941,0,0,82.611,0,0,11.68
22.10.2019 17:15,0.04634,46.723,0,0,82.41,0,0,11.67
22.10.2019 17:30,0.04634,45.755,0,0,82.41,0,0,11.69
22.10.2019 17:45,0.04634,45.763,0,0,82.41,0,0,11.74
22.10.2019 18:00,0.04275,44.899,0,0,82.41,0,0,11.82
22.10.2019 18:15,0.04275,45.297,0,0,82.41,0,0,11.9
22.10.2019 18:30,0.04275,46.24,0,0,82.41,0,0,11.98
22.10.2019 18:45,0.04275,46.634,0,0,82.41,0,0,12.04
22.10.2019 19:00,0.04005,46.433,0,0,82.41,0,0,12.05
22.10.2019 19:15,0.04005,47.592,0,0,82.41,0,0,12.02
22.10.2019 19:30,0.04005,45.631,0,0,82.41,0,0,11.95
22.10.2019 19:45,0.04005,44.684,0,0,82.41,0,0,11.86
22.10.2019 20:00,0.03494,44.706,0,0,82.209,0,0,12.72
22.10.2019 20:15,0.03494,45.643,0,0,82.209,0,0,12.65
22.10.2019 20:30,0.03494,46.012,0,0,82.209,0,0,12.57
22.10.2019 20:45,0.03494,44.121,0,0,82.209,0,0,12.48
22.10.2019 21:00,0.03191,72.607,134.2489796,0,82.209,0,0,12.38
22.10.2019 21:15,0.03191,68.956,180,0,107.937,0,0,12.29
22.10.2019 21:30,0.03191,50.049,180,0,130.047,0,0,12.19
22.10.2019 21:45,0.03191,45.106,120.0788419,0,133.866,0,0,12.11
22.10.2019 22:00,0.03758,46.617,104.7688196,0,133.866,0,0,12.05
22.10.2019 22:15,0.03758,45.515,104.7688196,0,133.866,0,0,12.02
22.10.2019 22:30,0.03758,43.077,104.7688196,0,133.866,0,0,11.99
22.10.2019 22:45,0.03758,45.067,104.7688196,0,133.866,0,0,11.96
22.10.2019 23:00,0.04469,46.433,0,0,133.866,0,0,11.91
22.10.2019 23:15,0.04469,49.287,104.7688196,0,133.866,0,0,11.85
22.10.2019 23:30,0.04469,56.447,104.7688196,0,133.866,0,0,11.77
22.10.2019 23:45,0.04469,51.34,104.7688196,0,133.866,0,0,11.69
23.10.2019 00:00,0.0502,58.473,0,0,133.866,0,0,11.61
23.10.2019 00:15,0.0502,58.768,0,0,133.866,0,0,11.56
23.10.2019 00:30,0.0502,54.428,0,0,133.866,0,5,11.56
23.10.2019 00:45,0.0502,55.711,0,0,133.866,0.015,21,11.65
23.10.2019 01:00,0.06394,56.417,0,0,133.866,0.058,48,11.85
23.10.2019 01:15,0.06394,55.053,0,0,133.866,0.113,76,12.17
23.10.2019 01:30,0.06394,57.649,0,0,133.866,0.201,109,12.58
23.10.2019 01:45,0.06394,58.082,0,0,133.866,0.257,145,13.05
23.10.2019 02:00,0.06396,58.115,0,0,133.866,0.348,191,13.55
23.10.2019 02:15,0.06396,60.873,0,0,133.866,0.44,231,14.05
23.10.2019 02:30,0.06396,59.525,0,0,133.866,0.516,270,14.54
23.10.2019 02:45,0.06396,56.2,0,0,133.866,0.579,307,14.99
23.10.2019 03:00,0.05884,55.05,0,0,133.866,0.733,329,15.38
23.10.2019 03:15,0.05884,55.243,0,0,133.866,0.837,361,15.7
23.10.2019 03:30,0.05884,54.024,0,0,133.866,0.789,395,15.98
23.10.2019 03:45,0.05884,55.661,0,0,133.866,0.926,430,16.23
23.10.2019 04:00,0.0504,48.655,0,0,133.866,0.948,466,16.47
23.10.2019 04:15,0.0504,49.082,0,0,133.866,1.583,489,16.71
23.10.2019 04:30,0.0504,47.329,0,0,133.866,2.861,510,16.94
23.10.2019 04:45,0.0504,47.693,0,0,133.866,3.466,526,17.16
23.10.2019 05:00,0.04705,46.42,0,0,133.866,3.461,549,17.36
23.10.2019 05:15,0.04705,43.66,0,0,133.665,3.443,559,17.55
23.10.2019 05:30,0.04705,43.877,0,0,133.665,3.417,564,17.73
23.10.2019 05:45,0.04705,47.386,0,0,133.665,3.43,567,17.89
23.10.2019 06:00,0.04677,47.489,0,0,133.665,3.366,567,18.06
23.10.2019 06:15,0.04677,48.363,105.5746102,0,133.665,3.085,561,18.21
23.10.2019 06:30,0.04677,46.017,105.5746102,0,133.866,3.121,551,18.36
23.10.2019 06:45,0.04677,53.936,104.7688196,0,133.866,3.059,537,18.49
23.10.2019 07:00,0.04903,50.668,0,0,133.866,2.736,522,18.61
23.10.2019 07:15,0.04903,50.863,104.7688196,0,133.866,2.566,501,18.7
23.10.2019 07:30,0.04903,48.142,104.7688196,0,133.866,2.2,477,18.76
23.10.2019 07:45,0.04903,48.955,104.7688196,0,133.866,2.047,450,18.78
23.10.2019 08:00,0.05041,47.391,0,0,133.866,1.881,420,18.76
23.10.2019 08:15,0.05041,42.094,104.7688196,0,133.866,1.661,388,18.69
23.10.2019 08:30,0.05041,46.521,104.7688196,0,133.866,1.378,355,18.58
23.10.2019 08:45,0.05041,50.961,104.7688196,0,133.866,1.078,320,18.43
23.10.2019 09:00,0.05104,50.265,0,0,133.866,0.507,279,18.25
23.10.2019 09:15,0.05104,48.542,104.7688196,0,133.866,0.303,243,18.03
23.10.2019 09:30,0.05104,48.43,104.7688196,0,133.866,0.26,206,17.74
23.10.2019 09:45,0.05104,47.929,104.7688196,0,133.866,0.252,170,17.36
23.10.2019 10:00,0.05347,49.624,0,0,133.866,0.23,128,16.87
23.10.2019 10:15,0.05347,51.275,104.7688196,0,133.866,0.19,86,16.3
23.10.2019 10:30,0.05347,56.782,104.7688196,0,133.866,0.143,50,15.73
23.10.2019 10:45,0.05347,61.134,104.7688196,0,133.866,0.089,22,15.26
23.10.2019 11:00,0.06396,59.178,0,0,133.866,0.032,2,14.97
23.10.2019 11:15,0.06396,59.691,0,0,133.866,0.001,0,14.87
23.10.2019 11:30,0.06396,60.509,0,0,133.866,0,0,14.9
23.10.2019 11:45,0.06396,60.394,0,0,133.866,0,0,14.99
23.10.2019 12:00,0.08735,23.105,0,180,133.866,0,0,15.09
23.10.2019 12:15,0.08735,24.112,0,180,100.701,0,0,15.14
23.10.2019 12:30,0.08735,37.011,0,81.14792,66.933,0,0,15.09
23.10.2019 12:45,0.08735,66.839,53.33469388,0,49.245,0,0,14.87
23.10.2019 13:00,0.07494,82.896,125.5306122,0,60.099,0,0,14.44
23.10.2019 13:15,0.07494,70.576,81.22857143,0,85.827,0,0,13.83
23.10.2019 13:30,0.07494,50.318,0,22.84184,102.309,0,0,13.17
23.10.2019 13:45,0.07494,35.058,0,87.45128,97.887,0,0,12.57
23.10.2019 14:00,0.05885,52.571,0,0,78.993,0,0,12.17
23.10.2019 14:15,0.05885,54.158,4.110204082,0,78.39,0,0,11.98
23.10.2019 14:30,0.05885,56.101,6.571428571,0,79.194,0,0,11.94
23.10.2019 14:45,0.05885,54.935,3.289795918,0,80.601,0,0,11.99
23.10.2019 15:00,0.0588,52.114,0,0,81.204,0,0,12.05
23.10.2019 15:15,0.0588,50.191,0,0,81.204,0,0,12.09
23.10.2019 15:30,0.0588,47.244,0,0,81.204,0,0,12.11
23.10.2019 15:45,0.0588,46.27,0,0,81.003,0,0,12.11
23.10.2019 16:00,0.04093,45.727,0,0,81.003,0,0,12.08
23.10.2019 16:15,0.04093,47.268,0,0,81.003,0,0,12.04
23.10.2019 16:30,0.04093,45.751,0,0,81.003,0,0,12.03
23.10.2019 16:45,0.04093,45.677,0,0,81.003,0,0,12.06
23.10.2019 17:00,0.03995,45.992,0,0,81.003,0,0,12.17
23.10.2019 17:15,0.03995,45.13,0,0,81.003,0,0,12.34
23.10.2019 17:30,0.03995,46.031,0,0,81.003,0,0,12.49
23.10.2019 17:45,0.03995,44.265,0,0,81.003,0,0,12.55
23.10.2019 18:00,0.04508,44.911,0,0,81.003,0,0,12.44
23.10.2019 18:15,0.04508,46.461,0,0,81.003,0,0,12.18
23.10.2019 18:30,0.04508,46.304,0,0,81.003,0,0,11.84
23.10.2019 18:45,0.04508,45.936,0,0,81.003,0,0,11.5
23.10.2019 19:00,0.04395,45.866,0,0,80.802,0,0,11.24
23.10.2019 19:15,0.04395,45.976,0,0,80.802,0,0,11.09
23.10.2019 19:30,0.04395,43.693,0,0,80.802,0,0,11.02
23.10.2019 19:45,0.04395,45.778,0,0,80.802,0,0,11
23.10.2019 20:00,0.03834,46.939,0,0,80.802,0,0,12.6
23.10.2019 20:15,0.03834,45.791,0,0,80.802,0,0,12.45
23.10.2019 20:30,0.03834,44.951,0,0,80.601,0,0,12.31
23.10.2019 20:45,0.03834,43.823,0,0,80.601,0,0,12.2
23.10.2019 21:00,0.03593,74.986,180,0,80.601,0,0,12.14
23.10.2019 21:15,0.03593,72.67,180,0,107.736,0,0,12.12
23.10.2019 21:30,0.03593,51.548,180,0,130.65,0,0,12.12
23.10.2019 21:45,0.03593,48.45,117.6614699,0,133.866,0,0,12.11
23.10.2019 22:00,0.04292,50.474,104.7688196,0,133.866,0,0,12.07
23.10.2019 22:15,0.04292,47.897,104.7688196,0,133.866,0,0,12
23.10.2019 22:30,0.04292,48.7,104.7688196,0,133.866,0,0,11.9
23.10.2019 22:45,0.04292,50.123,104.7688196,0,133.866,0,0,11.78
23.10.2019 23:00,0.06111,47.777,0,0,133.866,0,0,11.65
23.10.2019 23:15,0.06111,48.021,0,0,133.866,0,0,11.54
23.10.2019 23:30,0.06111,65.286,0,0,133.866,0,0,11.46
23.10.2019 23:45,0.06111,58.116,0,0,133.866,0,0,11.46
24.10.2019 00:00,0.08558,61.705,0,0,133.866,0,0,11.57
24.10.2019 00:15,0.08558,58.343,0,0,133.866,0,0,11.8
24.10.2019 00:30,0.08558,57.053,0,0,133.866,0.005,3,12.11
24.10.2019 00:45,0.08558,58.253,0,0,133.866,0.059,18,12.49
24.10.2019 01:00,0.08645,22.8,0,180,133.866,0.117,44,12.89
24.10.2019 01:15,0.08645,28.043,0,180,100.701,0.164,71,13.31
24.10.2019 01:30,0.08645,40.005,0,81.14792,67.134,0.289,100,13.73
24.10.2019 01:45,0.08645,70.902,52.51428571,0,48.24,0.441,130,14.14
24.10.2019 02:00,0.08583,89.884,129.6326531,0,58.893,0.781,167,14.51
24.10.2019 02:15,0.08583,81.767,86.15102041,0,85.425,1.102,200,14.86
24.10.2019 02:30,0.08583,57.412,0,21.266,102.912,1.05,232,15.18
24.10.2019 02:45,0.08583,40.224,0,89.81504,98.691,1.106,262,15.46
24.10.2019 03:00,0.06703,57.514,0,0,79.395,1.38,292,15.72
24.10.2019 03:15,0.06703,55.138,2.469387755,0,78.993,1.629,319,15.96
24.10.2019 03:30,0.06703,0,4.110204082,0,79.395,0.05,343,16.17
24.10.2019 03:45,0.06703,12441444.99,2.469387755,0,79.395,1.31,366,16.35
24.10.2019 04:00,0.07601,45.446,2.469387755,0,76.38,2.352,389,16.53
24.10.2019 04:15,0.07601,46.868,14.7755102,0,76.983,2.728,407,16.68
24.10.2019 04:30,0.07601,50.976,12.31428571,0,79.998,2.638,421,16.82
24.10.2019 04:45,0.07601,45.541,0.008163265,0,82.41,3.232,431,16.94
24.10.2019 05:00,0.05983,47.064,0,0,82.41,2.896,428,17.04
24.10.2019 05:15,0.05983,42.59,0,0,82.41,3.244,433,17.13
24.10.2019 05:30,0.05983,41.763,0,0,82.41,3.29,438,17.21
24.10.2019 05:45,0.05983,39.642,0,0,82.41,3.318,445,17.28
24.10.2019 06:00,0.05984,38.265,0,0,82.41,3.274,459,17.33
24.10.2019 06:15,0.05984,40.094,0,0,82.209,3.19,463,17.38
24.10.2019 06:30,0.05984,44.282,0,0,82.209,3.08,464,17.43
24.10.2019 06:45,0.05984,43.211,0,0,82.209,2.926,461,17.47
24.10.2019 07:00,0.06093,40.875,0,0,82.209,2.663,452,17.5
24.10.2019 07:15,0.06093,41.202,0,0,82.008,2.468,440,17.53
24.10.2019 07:30,0.06093,40.379,0,0,82.008,2.201,423,17.55
24.10.2019 07:45,0.06093,42.071,0,0,82.008,2.003,402,17.56
24.10.2019 08:00,0.06098,44.196,0,0,82.008,1.86,377,17.56
24.10.2019 08:15,0.06098,46.861,0,0,82.008,1.609,350,17.55
24.10.2019 08:30,0.06098,54.177,0,0,82.008,1.288,321,17.53
24.10.2019 08:45,0.06098,53.461,0,0,82.008,1.024,291,17.5
24.10.2019 09:00,0.0609,55.835,0,0,82.008,0.595,264,17.45
24.10.2019 09:15,0.0609,54.413,0,0,81.807,0.334,229,17.38
24.10.2019 09:30,0.0609,53.165,0,0,81.807,0.295,192,17.24
24.10.2019 09:45,0.0609,54.82,0,0,81.807,0.255,154,17.01
24.10.2019 10:00,0.06274,56.944,0,0,81.807,0.226,119,16.65
24.10.2019 10:15,0.06274,60.593,0,0,81.807,0.184,82,16.17
24.10.2019 10:30,0.06274,59.981,0,0,81.606,0.131,48,15.63
24.10.2019 10:45,0.06274,62.554,0,0,81.606,0.083,20,15.09
24.10.2019 11:00,0.06494,61.109,0,0,81.606,0.03,1,14.58
24.10.2019 11:15,0.06494,65.242,0,0,81.606,0,0,14.16
24.10.2019 11:30,0.06494,67.488,0,0,81.606,0,0,13.84
24.10.2019 11:45,0.06494,63.344,0,0,81.606,0,0,13.62
24.10.2019 12:00,0.06497,66.751,0,0,81.606,0,0,13.53
24.10.2019 12:15,0.06497,65.603,0,0,81.606,0,0,13.54
24.10.2019 12:30,0.06497,66.372,0,0,81.606,0,0,13.61
24.10.2019 12:45,0.06497,62.418,0,0,81.606,0,0,13.69
24.10.2019 13:00,0.06496,60.625,0,0,81.405,0,0,13.73
24.10.2019 13:15,0.06496,63.46,0,0,81.405,0,0,13.72
24.10.2019 13:30,0.06496,60.53,0,0,81.405,0,0,13.67
24.10.2019 13:45,0.06496,59.305,0,0,81.405,0,0,13.62
24.10.2019 14:00,0.05987,57.55,0,0,81.405,0,0,13.57
24.10.2019 14:15,0.05987,58.573,0,0,81.405,0,0,13.53
24.10.2019 14:30,0.05987,58.904,0,0,81.405,0,0,13.48
24.10.2019 14:45,0.05987,58.925,0,0,81.405,0,0,13.4
24.10.2019 15:00,0.05984,58.257,0,0,81.405,0,0,13.26
24.10.2019 15:15,0.05984,55.902,0,0,81.204,0,0,13.08
24.10.2019 15:30,0.05984,54.868,0,0,81.204,0,0,12.87
24.10.2019 15:45,0.05984,51.215,0,0,81.204,0,0,12.68
24.10.2019 16:00,0.04199,51.645,0,0,81.204,0,0,12.53
24.10.2019 16:15,0.04199,52.951,0,0,81.204,0,0,12.43
24.10.2019 16:30,0.04199,49.824,0,0,81.204,0,0,12.38
24.10.2019 16:45,0.04199,52.742,0,0,81.003,0,0,12.36
24.10.2019 17:00,0.03699,50.572,0,0,81.003,0,0,12.38
24.10.2019 17:15,0.03699,51.788,0,0,81.003,0,0,12.41
24.10.2019 17:30,0.03699,49.097,0,0,81.003,0,0,12.44
24.10.2019 17:45,0.03699,49.575,0,0,81.003,0,0,12.43
24.10.2019 18:00,0.04488,48.068,0,0,81.003,0,0,12.37
24.10.2019 18:15,0.04488,47.641,0,0,81.003,0,0,12.28
24.10.2019 18:30,0.04488,47.664,0,0,81.003,0,0,12.17
24.10.2019 18:45,0.04488,48.251,0,0,81.003,0,0,12.09
24.10.2019 19:00,0.04247,50.405,0,0,79.998,0,0,12.08
24.10.2019 19:15,0.04247,48.685,0.008163265,0,79.998,0,0,12.13
24.10.2019 19:30,0.04247,50.121,0.008163265,0,79.998,0,0,12.21
24.10.2019 19:45,0.04247,49.087,0.008163265,0,79.998,0,0,12.29
24.10.2019 20:00,0.03686,49.774,0.008163265,0,79.998,0,0,13.08
24.10.2019 20:15,0.03686,48.612,0.008163265,0,79.998,0,0,12.98
24.10.2019 20:30,0.03686,48.785,0.008163265,0,79.998,0,0,12.89
24.10.2019 20:45,0.03686,48.584,0.008163265,0,79.998,0,0,12.79
24.10.2019 21:00,0.03594,78.024,180,0,79.998,0,0,12.69
24.10.2019 21:15,0.03594,74.711,180,0,106.128,0,0,12.6
24.10.2019 21:30,0.03594,53.711,180,0,129.042,0,0,12.52
24.10.2019 21:45,0.03594,47.4,124.1077951,0,133.866,0,0,12.44
24.10.2019 22:00,0.04303,47.304,104.7688196,0,133.866,0,0,12.39
24.10.2019 22:15,0.04303,48.199,104.7688196,0,133.866,0,0,12.36
24.10.2019 22:30,0.04303,46.616,104.7688196,0,133.866,0,0,12.34
24.10.2019 22:45,0.04303,46.326,104.7688196,0,133.866,0,0,12.34
24.10.2019 23:00,0.05016,46.108,0,0,133.866,0,0,12.33
24.10.2019 23:15,0.05016,60.378,0,0,133.866,0,0,12.33
24.10.2019 23:30,0.05016,61.582,104.7688196,0,133.866,0,0,12.34
24.10.2019 23:45,0.05016,60.024,104.7688196,0,133.866,0,0,12.35
25.10.2019 00:00,0.05021,65.275,104.7688196,0,133.866,0,0,12.38
25.10.2019 00:15,0.05021,60.317,104.7688196,0,133.866,0,0,12.43
25.10.2019 00:30,0.05021,59.661,104.7688196,0,133.866,0.001,3,12.54
25.10.2019 00:45,0.05021,57.971,104.7688196,0,133.866,0.058,16,12.72
25.10.2019 01:00,0.10504,26.47,0,180,133.866,0.146,42,13.02
25.10.2019 01:15,0.10504,23.623,0,180,101.103,0.273,69,13.41
25.10.2019 01:30,0.10504,46.123,0,82.72376,67.335,0.436,99,13.86
25.10.2019 01:45,0.10504,78.183,51.69387755,0,49.044,0.565,133,14.31
25.10.2019 02:00,0.08508,99.165,126.3510204,0,59.496,0.58,177,14.73
25.10.2019 02:15,0.08508,88.327,83.68979592,0,85.224,0.662,212,15.1
25.10.2019 02:30,0.08508,63.942,0,20.47808,102.108,0.801,246,15.41
25.10.2019 02:45,0.08508,45.973,0,86.66336,98.289,1,274,15.67
25.10.2019 03:00,0.0591,62.095,0,0,79.596,1.242,293,15.88
25.10.2019 03:15,0.0591,64.529,1.648979592,0,79.194,1.682,311,16.04
25.10.2019 03:30,0.0591,64.504,3.289795918,0,79.596,1.991,326,16.18
25.10.2019 03:45,0.0591,59.421,1.648979592,0,79.998,2.433,340,16.32
25.10.2019 04:00,0.05884,56.313,0.008163265,0,80.4,2.817,373,16.46
25.10.2019 04:15,0.05884,51.159,0,0,80.4,2.963,381,16.61
25.10.2019 04:30,0.05884,52.713,0,0,80.4,3.082,380,16.77
25.10.2019 04:45,0.05884,56.941,0,0,80.4,3.165,368,16.91
25.10.2019 05:00,0.05882,56.245,0,0,80.4,3.178,326,17.02
25.10.2019 05:15,0.05882,51.632,0,0,80.4,3.259,303,17.11
25.10.2019 05:30,0.05882,51.06,0,0,80.199,3.26,283,17.18
25.10.2019 05:45,0.05882,52.473,0,0,80.199,3.246,270,17.24
25.10.2019 06:00,0.05882,55.552,0,0,80.199,3.14,269,17.29
25.10.2019 06:15,0.05882,56.715,0,0,80.199,3.066,267,17.35
25.10.2019 06:30,0.05882,54.687,0,0,79.998,2.965,266,17.41
25.10.2019 06:45,0.05882,56.54,0.008163265,0,79.998,2.804,267,17.48
25.10.2019 07:00,0.05881,53.23,0.008163265,0,79.998,2.589,275,17.54
25.10.2019 07:15,0.05881,50.705,0.008163265,0,79.998,2.345,271,17.6
25.10.2019 07:30,0.05881,51.023,0.008163265,0,79.998,2.136,262,17.66
25.10.2019 07:45,0.05881,49.487,0.008163265,0,79.998,1.945,247,17.7
25.10.2019 08:00,0.0588,45.486,0.008163265,0,79.998,1.771,218,17.71
25.10.2019 08:15,0.0588,43.834,0.008163265,0,79.998,1.548,198,17.7
25.10.2019 08:30,0.0588,45.196,0.008163265,0,79.998,1.276,179,17.67
25.10.2019 08:45,0.0588,44.771,0.008163265,0,79.998,1.023,162,17.64
25.10.2019 09:00,0.0588,49.876,0.008163265,0,79.797,0.592,148,17.59
25.10.2019 09:15,0.0588,50.176,0.828571429,0,79.797,0.368,131,17.54
25.10.2019 09:30,0.0588,51.944,0.828571429,0,79.797,0.329,113,17.46
25.10.2019 09:45,0.0588,53.149,0,0,79.797,0.284,94,17.33
25.10.2019 10:00,0.05881,51.872,0.828571429,0,79.797,0.248,81,17.14
25.10.2019 10:15,0.05881,49.565,0.828571429,0,79.596,0.2,58,16.89
25.10.2019 10:30,0.05881,53.558,1.648979592,0,79.596,0.142,34,16.6
25.10.2019 10:45,0.05881,52.876,1.648979592,0,79.596,0.076,14,16.29
25.10.2019 11:00,0.0651,51.169,1.648979592,0,79.596,0.02,1,15.98
25.10.2019 11:15,0.0651,51.278,1.648979592,0,79.596,0,0,15.68
25.10.2019 11:30,0.0651,53.989,1.648979592,0,79.596,0,0,15.38
25.10.2019 11:45,0.0651,52.702,1.648979592,0,79.596,0,0,15.11
25.10.2019 12:00,0.08504,52.773,1.648979592,0,79.596,0,0,14.84
25.10.2019 12:15,0.08504,52.614,1.648979592,0,78.591,0,0,14.6
25.10.2019 12:30,0.08504,52.613,5.751020408,0,78.591,0,0,14.36
25.10.2019 12:45,0.08504,51.249,5.751020408,0,78.591,0,0,14.14
25.10.2019 13:00,0.08107,51.614,5.751020408,0,78.591,0,0,13.92
25.10.2019 13:15,0.08107,51.415,5.751020408,0,78.591,0,0,13.71
25.10.2019 13:30,0.08107,50.928,5.751020408,0,78.591,0,0,13.5
25.10.2019 13:45,0.08107,48.735,5.751020408,0,78.591,0,0,13.29
25.10.2019 14:00,0.05882,51.27,5.751020408,0,78.591,0,0,13.08
25.10.2019 14:15,0.05882,50.383,5.751020408,0,78.591,0,0,12.87
25.10.2019 14:30,0.05882,48.436,5.751020408,0,78.39,0,0,12.66
25.10.2019 14:45,0.05882,48.954,6.571428571,0,78.39,0,0,12.46
25.10.2019 15:00,0.05628,48.765,6.571428571,0,78.39,0,0,12.27
25.10.2019 15:15,0.05628,47.163,6.571428571,0,78.39,0,0,12.09
25.10.2019 15:30,0.05628,45.648,6.571428571,0,78.39,0,0,11.94
25.10.2019 15:45,0.05628,47.592,6.571428571,0,78.39,0,0,11.82
25.10.2019 16:00,0.04506,46.69,6.571428571,0,78.39,0,0,11.75
25.10.2019 16:15,0.04506,45.296,6.571428571,0,78.39,0,0,11.72
25.10.2019 16:30,0.04506,44.191,6.571428571,0,78.189,0,0,11.71
25.10.2019 16:45,0.04506,44.344,7.391836735,0,78.189,0,0,11.72
25.10.2019 17:00,0.03709,43.896,7.391836735,0,78.189,0,0,11.72
25.10.2019 17:15,0.03709,44.227,7.391836735,0,78.189,0,0,11.72
25.10.2019 17:30,0.03709,44.219,7.391836735,0,78.189,0,0,11.73
25.10.2019 17:45,0.03709,44.294,7.391836735,0,78.189,0,0,11.75
25.10.2019 18:00,0.04785,44.45,7.391836735,0,77.988,0,0,11.78
25.10.2019 18:15,0.04785,43.6,8.212244898,0,77.988,0,0,11.83
25.10.2019 18:30,0.04785,43.987,8.212244898,0,77.988,0,0,11.89
25.10.2019 18:45,0.04785,44.34,8.212244898,0,77.988,0,0,11.94
25.10.2019 19:00,0.04049,44.307,8.212244898,0,77.988,0,0,11.98
25.10.2019 19:15,0.04049,44.622,8.212244898,0,77.988,0,0,12
25.10.2019 19:30,0.04049,43.999,8.212244898,0,77.988,0,0,12.02
25.10.2019 19:45,0.04049,42.219,8.212244898,0,77.988,0,0,12.03
25.10.2019 20:00,0.03744,44.196,8.212244898,0,77.787,0,0,13.05
25.10.2019 20:15,0.03744,44.796,9.032653061,0,77.787,0,0,13.05
25.10.2019 20:30,0.03744,43.966,9.032653061,0,77.787,0,0,13.04
25.10.2019 20:45,0.03744,43.765,9.032653061,0,77.787,0,0,13.05
25.10.2019 21:00,0.03093,43.998,9.032653061,0,77.787,0,0,13.06
25.10.2019 21:15,0.03093,44.93,9.032653061,0,77.787,0,0,13.09
25.10.2019 21:30,0.03093,42.728,9.032653061,0,77.787,0,0,13.13
25.10.2019 21:45,0.03093,43.391,9.032653061,0,77.787,0,0,13.17
25.10.2019 22:00,0.03218,44.723,9.032653061,0,77.787,0,0,13.23
25.10.2019 22:15,0.03218,44.53,9.032653061,0,77.787,0,0,13.3
25.10.2019 22:30,0.03218,44.239,9.032653061,0,77.586,0,0,13.36
25.10.2019 22:45,0.03218,43.063,9.853061224,0,77.586,0,0,13.4
25.10.2019 23:00,0.03646,42.718,9.853061224,0,77.586,0,0,13.41
25.10.2019 23:15,0.03646,59.63,9.853061224,0,77.586,0,0,13.39
25.10.2019 23:30,0.03646,52.47,9.853061224,0,77.586,0,0,13.37
25.10.2019 23:45,0.03646,55.313,9.853061224,0,77.586,0,0,13.34
26.10.2019 00:00,0.04,54.212,0,0,77.586,0,0,13.33
26.10.2019 00:15,0.04,51.815,9.853061224,0,77.586,0,0,13.35
26.10.2019 00:30,0.04,50.116,9.853061224,0,77.586,0,1,13.4
26.10.2019 00:45,0.04,52.151,9.853061224,0,77.385,0,9,13.49
26.10.2019 01:00,0.04759,52.586,10.67346939,0,77.385,0.038,19,13.61
26.10.2019 01:15,0.04759,52.289,10.67346939,0,77.385,0.079,34,13.77
26.10.2019 01:30,0.04759,50.463,0,0,77.385,0.097,52,13.95
26.10.2019 01:45,0.04759,51.618,10.67346939,0,77.385,0.157,74,14.13
26.10.2019 02:00,0.05319,56.758,10.67346939,0,77.385,0.197,109,14.3
26.10.2019 02:15,0.05319,68.551,10.67346939,0,77.385,0.266,139,14.45
26.10.2019 02:30,0.05319,63.449,10.67346939,0,77.184,0.322,171,14.6
26.10.2019 02:45,0.05319,60.729,11.49387755,0,77.184,0.482,201,14.74
26.10.2019 03:00,0.04199,57.904,11.49387755,0,77.184,0.452,223,14.88
26.10.2019 03:15,0.04199,56.296,11.49387755,0,77.184,0.397,250,15.02
26.10.2019 03:30,0.04199,55.002,11.49387755,0,77.184,0.557,276,15.18
26.10.2019 03:45,0.04199,53.855,11.49387755,0,76.983,0.645,304,15.35
26.10.2019 04:00,0.0414,52.986,12.31428571,0,76.983,0.575,358,15.54
26.10.2019 04:15,0.0414,51.248,12.31428571,0,76.983,0.65,382,15.75
26.10.2019 04:30,0.0414,47.681,12.31428571,0,76.983,0.811,395,15.96
26.10.2019 04:45,0.0414,45.811,12.31428571,0,76.983,0.913,395,16.16
26.10.2019 05:00,0.0344,47.035,12.31428571,0,76.983,0.872,349,16.31
26.10.2019 05:15,0.0344,44.203,12.31428571,0,76.983,0.924,333,16.43
26.10.2019 05:30,0.0344,45.521,12.31428571,0,76.983,0.785,322,16.53
26.10.2019 05:45,0.0344,47.969,12.31428571,0,76.782,0.792,322,16.62
26.10.2019 06:00,0.0321,45.649,13.13469388,0,76.782,0.72,357,16.72
26.10.2019 06:15,0.0321,48.346,13.13469388,0,76.782,0.776,363,16.82
26.10.2019 06:30,0.0321,49.846,13.13469388,0,76.782,0.918,362,16.92
26.10.2019 06:45,0.0321,48.901,13.13469388,0,76.782,1.016,353,17
26.10.2019 07:00,0.03008,51.517,13.13469388,0,76.782,0.994,319,17.05
26.10.2019 07:15,0.03008,50.419,13.13469388,0,76.782,1.102,301,17.06
26.10.2019 07:30,0.03008,47.144,13.13469388,0,76.782,1.138,283,17.06
26.10.2019 07:45,0.03008,50.119,13.13469388,0,76.782,1.369,268,17.05
26.10.2019 08:00,0.03297,43.574,13.13469388,0,76.782,2.072,265,17.04
26.10.2019 08:15,0.03297,41.851,13.13469388,0,76.782,1.936,247,17.04
26.10.2019 08:30,0.03297,52.157,13.13469388,0,76.581,1.649,226,17.04
26.10.2019 08:45,0.03297,49.899,13.95510204,0,76.581,1.177,201,17.02
26.10.2019 09:00,0.03852,49.618,13.95510204,0,76.581,0.791,172,16.99
26.10.2019 09:15,0.03852,50.489,13.95510204,0,76.581,0.69,145,16.94
26.10.2019 09:30,0.03852,51.412,13.95510204,0,76.581,0.386,119,16.85
26.10.2019 09:45,0.03852,50.895,13.95510204,0,76.581,0.356,94,16.72
26.10.2019 10:00,0.0532,52.991,13.95510204,0,76.38,0.326,74,16.55
26.10.2019 10:15,0.0532,53.714,14.7755102,0,76.38,0.226,50,16.33
26.10.2019 10:30,0.0532,54.143,14.7755102,0,76.38,0.149,28,16.08
26.10.2019 10:45,0.0532,53.431,14.7755102,0,76.38,0.078,11,15.81
26.10.2019 11:00,0.05678,56.394,14.7755102,0,76.38,0.018,0,15.54
26.10.2019 11:15,0.05678,58.179,14.7755102,0,76.38,0,0,15.27
26.10.2019 11:30,0.05678,59.958,0,0,76.38,0,0,14.98
26.10.2019 11:45,0.05678,61.567,14.7755102,0,76.38,0,0,14.66
26.10.2019 12:00,0.0568,60.376,14.7755102,0,76.38,0,0,14.29
26.10.2019 12:15,0.0568,58.997,14.7755102,0,76.38,0,0,13.88
26.10.2019 12:30,0.0568,55.884,14.7755102,0,76.179,0,0,13.5
26.10.2019 12:45,0.0568,54.227,15.59591837,0,76.179,0,0,13.17
26.10.2019 13:00,0.0568,54.961,15.59591837,0,76.179,0,0,12.95
26.10.2019 13:15,0.0568,55.479,15.59591837,0,76.179,0,0,12.84
26.10.2019 13:30,0.0568,54.918,15.59591837,0,76.179,0,0,12.77
26.10.2019 13:45,0.0568,53.466,0,0,75.978,0,0,12.71
26.10.2019 14:00,0.05679,55.543,16.41632653,0,75.978,0,0,12.59
26.10.2019 14:15,0.05679,53.254,16.41632653,0,75.978,0,0,12.42
26.10.2019 14:30,0.05679,54.166,16.41632653,0,75.978,0,0,12.22
26.10.2019 14:45,0.05679,53.462,16.41632653,0,75.978,0,0,12.05
26.10.2019 15:00,0.05675,52.323,0,0,75.978,0,0,11.95
26.10.2019 15:15,0.05675,50.662,16.41632653,0,75.777,0,0,11.92
26.10.2019 15:30,0.05675,46.178,17.23673469,0,75.777,0,0,11.93
26.10.2019 15:45,0.05675,47.257,17.23673469,0,75.777,0,0,11.96
26.10.2019 16:00,0.03804,48.004,17.23673469,0,75.777,0,0,11.98
26.10.2019 16:15,0.03804,46.553,17.23673469,0,75.777,0,0,11.98
26.10.2019 16:30,0.03804,46.502,17.23673469,0,75.777,0,0,11.93
26.10.2019 16:45,0.03804,47.83,17.23673469,0,75.777,0,0,11.85
26.10.2019 17:00,0.03608,46.709,17.23673469,0,75.777,0,0,11.72
26.10.2019 17:15,0.03608,47.145,17.23673469,0,75.777,0,0,11.56
26.10.2019 17:30,0.03608,47.477,17.23673469,0,75.777,0,0,11.39
26.10.2019 17:45,0.03608,48.21,17.23673469,0,75.576,0,0,11.25
26.10.2019 18:00,0.02806,45.721,18.05714286,0,75.576,0,0,11.14
26.10.2019 18:15,0.02806,47.896,18.05714286,0,75.576,0,0,11.1
26.10.2019 18:30,0.02806,44.563,18.05714286,0,75.576,0,0,11.09
26.10.2019 18:45,0.02806,44.968,18.05714286,0,75.576,0,0,11.12
26.10.2019 19:00,0.02255,44.353,18.05714286,0,75.576,0,0,11.15
26.10.2019 19:15,0.02255,43.228,18.05714286,0,75.576,0,0,11.2
26.10.2019 19:30,0.02255,45.041,18.05714286,0,75.576,0,0,11.23
26.10.2019 19:45,0.02255,44.016,18.05714286,0,75.576,0,0,11.26
26.10.2019 20:00,0.02253,46.579,18.05714286,0,75.375,0,0,12.5
26.10.2019 20:15,0.02253,43.265,18.87755102,0,75.375,0,0,12.18
26.10.2019 20:30,0.02253,45.336,18.87755102,0,75.375,0,0,11.9
26.10.2019 20:45,0.02253,44.828,18.87755102,0,75.375,0,0,11.66
26.10.2019 21:00,0.02254,44.149,18.87755102,0,75.375,0,0,11.49
26.10.2019 21:15,0.02254,45.368,18.87755102,0,75.375,0,0,11.38
26.10.2019 21:30,0.02254,43.441,18.87755102,0,75.375,0,0,11.32
26.10.2019 21:45,0.02254,46.041,18.87755102,0,75.174,0,0,11.28
26.10.2019 22:00,0.02253,43.369,19.69795918,0,75.174,0,0,11.24
26.10.2019 22:15,0.02253,44.199,19.69795918,0,75.174,0,0,11.18
26.10.2019 22:30,0.02253,44.5,19.69795918,0,75.174,0,0,11.14
26.10.2019 22:45,0.02253,43.938,19.69795918,0,75.174,0,0,11.11
26.10.2019 23:00,0.02254,46.111,19.69795918,0,74.973,0,0,11.12
26.10.2019 23:15,0.02254,46.432,20.51836735,0,74.973,0,0,11.15
26.10.2019 23:30,0.02254,45.722,20.51836735,0,74.973,0,0,11.18
26.10.2019 23:45,0.02254,45.115,20.51836735,0,74.973,0,0,11.19
27.10.2019 00:00,0.02254,44.831,20.51836735,0,74.973,0,0,11.15
27.10.2019 00:15,0.02254,63.714,20.51836735,0,74.973,0,0,11.07
27.10.2019 00:30,0.02254,57.783,20.51836735,0,74.973,0,1,11.03
27.10.2019 00:45,0.02254,59.921,20.51836735,0,74.973,0.044,14,11.08
27.10.2019 01:00,0.02254,52.75,20.51836735,0,74.973,0.193,42,11.28
27.10.2019 01:15,0.02254,53.85,20.51836735,0,74.973,0.258,69,11.63
27.10.2019 01:30,0.02254,51.142,20.51836735,0,74.973,0.333,99,12.08
27.10.2019 01:45,0.02254,50.649,20.51836735,0,74.772,0.422,130,12.57
27.10.2019 02:00,0.02253,53.201,21.33877551,0,74.772,0.509,164,13.04
27.10.2019 02:15,0.02253,55.171,21.33877551,0,74.772,0.589,197,13.46
27.10.2019 02:30,0.02253,56.834,21.33877551,0,74.772,0.651,229,13.83
27.10.2019 02:45,0.02253,58.318,21.33877551,0,74.772,0.927,263,14.18
27.10.2019 03:00,0.02251,64.186,21.33877551,0,74.772,0.973,313,14.49
27.10.2019 03:15,0.02251,60.34,21.33877551,0,74.571,0.947,346,14.78
27.10.2019 03:30,0.02251,59.532,22.15918367,0,74.571,1.008,373,15.03
27.10.2019 03:45,0.02251,65.424,22.15918367,0,74.571,0.97,392,15.25
27.10.2019 04:00,0.02251,63.349,22.15918367,0,74.571,1.13,383,15.44
27.10.2019 04:15,0.02251,62.708,22.15918367,0,74.571,1.231,389,15.58
27.10.2019 04:30,0.02251,59.835,22.15918367,0,74.571,1.607,398,15.71
27.10.2019 04:45,0.02251,55.123,22.15918367,0,74.571,3.185,411,15.82
27.10.2019 05:00,0.02252,56.476,22.15918367,0,74.571,3.223,441,15.94
27.10.2019 05:15,0.02252,55.729,22.15918367,0,74.571,3.284,459,16.06
27.10.2019 05:30,0.02252,54.874,22.15918367,0,74.37,3.275,475,16.17
27.10.2019 05:45,0.02252,55.419,22.97959184,0,74.37,3.263,487,16.28
27.10.2019 06:00,0.02251,57.484,156.4489796,0,74.37,3.23,486,16.38
27.10.2019 06:15,0.02251,58.092,180,0,74.37,3.133,492,16.46
27.10.2019 06:30,0.02251,57.546,180,0,74.37,3.005,495,16.53
27.10.2019 06:45,0.02251,54.234,180,0,74.169,2.809,493,16.58
27.10.2019 07:00,0.02252,51.78,157.2693878,0,74.169,2.553,488,16.61
27.10.2019 07:15,0.02252,48.995,180,0,74.169,2.341,468,16.62
27.10.2019 07:30,0.02252,50.548,180,0,74.169,2.119,444,16.61
27.10.2019 07:45,0.02252,48.789,180,0,74.169,1.897,418,16.58
27.10.2019 08:00,0.02254,49.207,180,0,73.968,1.758,391,16.53
27.10.2019 08:15,0.02254,48.879,180,0,73.968,1.446,361,16.47
27.10.2019 08:30,0.02254,44.332,180,0,73.968,1.179,328,16.39
27.10.2019 08:45,0.02254,46.065,180,0,73.968,0.946,295,16.3
27.10.2019 09:00,0.03832,46.537,24.62040816,0,73.968,0.529,253,16.21
27.10.2019 09:15,0.03832,49.932,24.62040816,0,73.968,0.324,218,16.1
27.10.2019 09:30,0.03832,48.662,24.62040816,0,73.968,0.288,184,15.94
27.10.2019 09:45,0.03832,48.858,24.62040816,0,73.968,0.265,150,15.69
27.10.2019 10:00,0.05118,51.188,24.62040816,0,73.968,0.242,111,15.34
27.10.2019 10:15,0.05118,50.577,24.62040816,0,73.767,0.192,71,14.89
27.10.2019 10:30,0.05118,48.359,25.44081633,0,73.767,0.127,36,14.44
27.10.2019 10:45,0.05118,48.395,25.44081633,0,73.767,0.064,11,14.05
27.10.2019 11:00,0.05628,51.569,25.44081633,0,73.767,0.012,0,13.81
27.10.2019 11:15,0.05628,51.618,25.44081633,0,73.767,0,0,13.7
27.10.2019 11:30,0.05628,52.412,25.44081633,0,73.566,0,0,13.66
27.10.2019 11:45,0.05628,48.249,26.26122449,0,73.566,0,0,13.59
27.10.2019 12:00,0.0655,56.547,26.26122449,0,73.566,0,0,13.42
27.10.2019 12:15,0.0655,54.028,26.26122449,0,73.566,0,0,13.14
27.10.2019 12:30,0.0655,53.896,26.26122449,0,73.566,0,0,12.8
27.10.2019 12:45,0.0655,53.205,26.26122449,0,73.566,0,0,12.49
27.10.2019 13:00,0.05627,52.838,26.26122449,0,73.566,0,0,12.27
27.10.2019 13:15,0.05627,52.006,26.26122449,0,73.566,0,0,12.14
27.10.2019 13:30,0.05627,54.77,26.26122449,0,73.566,0,0,12.07
27.10.2019 13:45,0.05627,57.683,26.26122449,0,73.566,0,0,12.01
27.10.2019 14:00,0.05627,59.902,26.26122449,0,73.365,0,0,11.92
27.10.2019 14:15,0.05627,52.772,27.08163265,0,73.365,0,0,11.78
27.10.2019 14:30,0.05627,53.238,27.08163265,0,73.365,0,0,11.62
27.10.2019 14:45,0.05627,52.853,27.08163265,0,73.365,0,0,11.45
27.10.2019 15:00,0.05625,50.726,27.08163265,0,73.365,0,0,11.31
27.10.2019 15:15,0.05625,49.539,27.08163265,0,73.365,0,0,11.19
27.10.2019 15:30,0.05625,49.927,27.08163265,0,73.365,0,0,11.1
27.10.2019 15:45,0.05625,49.607,27.08163265,0,73.365,0,0,11.02
27.10.2019 16:00,0.05115,45.452,27.08163265,0,73.365,0,0,10.95
27.10.2019 16:15,0.05115,47.725,27.08163265,0,73.164,0,0,10.89
27.10.2019 16:30,0.05115,44.888,27.90204082,0,73.164,0,0,10.84
27.10.2019 16:45,0.05115,45.618,27.90204082,0,73.164,0,0,10.8
27.10.2019 17:00,0.04903,44.563,27.90204082,0,73.164,0,0,10.79
27.10.2019 17:15,0.04903,44.515,27.90204082,0,72.963,0,0,10.78
27.10.2019 17:30,0.04903,45.034,28.72244898,0,72.963,0,0,10.78
27.10.2019 17:45,0.04903,46.483,28.72244898,0,72.963,0,0,10.76
27.10.2019 18:00,0.042,47.521,28.72244898,0,72.963,0,0,10.73
27.10.2019 18:15,0.042,44.72,28.72244898,0,72.963,0,0,10.67
27.10.2019 18:30,0.042,46.756,28.72244898,0,72.963,0,0,10.6
27.10.2019 18:45,0.042,47.82,28.72244898,0,72.963,0,0,10.53
27.10.2019 19:00,0.04062,47.45,28.72244898,0,72.963,0,0,10.47
27.10.2019 19:15,0.04062,46.872,28.72244898,0,72.963,0,0,10.42
27.10.2019 19:30,0.04062,47.586,28.72244898,0,72.762,0,0,10.36
27.10.2019 19:45,0.04062,47.471,29.54285714,0,72.762,0,0,10.3
27.10.2019 20:00,0.03239,45.798,180,0,72.762,0,0,11.63
27.10.2019 20:15,0.03239,47.646,180,0,72.762,0,0,11.55
27.10.2019 20:30,0.03239,47.794,180,0,72.561,0,0,11.45
27.10.2019 20:45,0.03239,50.044,180,0,72.561,0,0,11.31
27.10.2019 21:00,0.03803,47.379,180,0,72.561,0,0,11.14
27.10.2019 21:15,0.03803,47.563,180,0,72.561,0,0,10.92
27.10.2019 21:30,0.03803,47.563,180,0,72.561,0,0,10.7
27.10.2019 21:45,0.03803,47.483,180,0,72.561,0,0,10.49
27.10.2019 22:00,0.04058,45.967,180,0,72.561,0,0,10.33
27.10.2019 22:15,0.04058,46.01,180,0,72.561,0,0,10.22
27.10.2019 22:30,0.04058,45.023,180,0,72.561,0,0,10.14
27.10.2019 22:45,0.04058,46.976,180,0,72.561,0,0,10.09
27.10.2019 23:00,0.04299,44.778,180,0,72.36,0,0,10.04
27.10.2019 23:15,0.04299,46.642,180,0,72.36,0,0,9.98
27.10.2019 23:30,0.04299,47.442,180,0,72.36,0,0,9.92
27.10.2019 23:45,0.04299,46.944,180,0,72.36,0,0,9.86
28.10.2019 00:00,0.05018,47.911,180,0,72.36,0,0,9.78
28.10.2019 00:15,0.05018,56.589,180,0,72.36,0,0,9.74
28.10.2019 00:30,0.05018,59.844,180,0,72.36,0,1,9.79
28.10.2019 00:45,0.05018,61.042,180,0,72.36,0.044,13,9.99
28.10.2019 01:00,0.05506,62.022,180,0,72.159,0.144,39,10.42
28.10.2019 01:15,0.05506,56.739,180,0,72.159,0.227,69,11.05
28.10.2019 01:30,0.05506,54.948,180,0,72.159,0.313,103,11.8
28.10.2019 01:45,0.05506,54.833,180,0,72.159,0.394,141,12.59
28.10.2019 02:00,0.06905,55.015,0,0,72.159,0.468,183,13.31
28.10.2019 02:15,0.06905,57.884,32.00408163,0,71.958,0.546,218,13.93
28.10.2019 02:30,0.06905,59.609,32.8244898,0,71.958,0.677,251,14.45
28.10.2019 02:45,0.06905,59.145,32.8244898,0,71.958,0.872,285,14.88
28.10.2019 03:00,0.06905,57.967,32.8244898,0,71.958,1.087,326,15.22
28.10.2019 03:15,0.06905,56.421,32.8244898,0,71.958,1.524,357,15.49
28.10.2019 03:30,0.06905,59.148,32.8244898,0,71.958,1.871,387,15.71
28.10.2019 03:45,0.06905,68.997,32.8244898,0,68.541,2.382,415,15.92
28.10.2019 04:00,0.06394,86.55,46.77142857,0,81.405,2.711,444,16.13
28.10.2019 04:15,0.06394,79.212,0,0,108.54,2.966,467,16.35
28.10.2019 04:30,0.06394,56.682,0,0,128.841,3.033,487,16.56
28.10.2019 04:45,0.06394,33.95,0,0,133.866,3.164,503,16.74
28.10.2019 05:00,0.06391,16.55,0,0,118.59,3.22,501,16.88
28.10.2019 05:15,0.06391,46.824,0,0,86.028,3.286,464,16.98
28.10.2019 05:30,0.06391,42.159,0,0,86.028,3.296,420,17.03
28.10.2019 05:45,0.06391,40.279,0,0,86.028,3.259,378,17.06
28.10.2019 06:00,0.05985,40.095,180,0,86.028,3.218,343,17.08
28.10.2019 06:15,0.05985,43.727,180,0,85.827,3.146,313,17.08
28.10.2019 06:30,0.05985,47.331,180,0,85.827,3.032,289,17.07
28.10.2019 06:45,0.05985,45.411,180,0,85.827,2.777,272,17.03
28.10.2019 07:00,0.06395,48.275,109.6857143,0,85.827,2.519,252,16.96
28.10.2019 07:15,0.06395,46.064,180,0,85.827,2.314,247,16.87
28.10.2019 07:30,0.06395,43.634,180,0,85.827,2.074,246,16.77
28.10.2019 07:45,0.06395,43.093,180,0,85.827,1.89,248,16.68
28.10.2019 08:00,0.06396,47.118,180,0,85.827,1.702,263,16.61
28.10.2019 08:15,0.06396,46.502,180,0,85.827,1.407,263,16.58
28.10.2019 08:30,0.06396,47.273,180,0,85.626,1.141,258,16.56
28.10.2019 08:45,0.06396,48.436,180,0,85.626,0.922,247,16.57
28.10.2019 09:00,0.06905,47.734,110.5061224,0,85.626,0.495,242,16.6
28.10.2019 09:15,0.06905,48.1,180,0,85.626,0.31,215,16.61
28.10.2019 09:30,0.06905,48.85,180,0,85.626,0.274,180,16.55
28.10.2019 09:45,0.06905,48.052,115.207611,0,85.626,0.24,145,16.35
28.10.2019 10:00,0.06907,49.487,180,0,85.626,0.214,104,15.95
28.10.2019 10:15,0.06907,49.088,180,0,85.425,0.161,66,15.38
28.10.2019 10:30,0.06907,48.046,180,0,85.425,0.078,33,14.75
28.10.2019 10:45,0.06907,55.212,180,0,85.425,0.034,9,14.15
28.10.2019 11:00,0.09648,58.514,0,0,85.425,0.004,0,13.69
28.10.2019 11:15,0.09648,56.319,0,0,85.425,0,0,13.4
28.10.2019 11:30,0.09648,56.832,0,0,85.425,0,0,13.23
28.10.2019 11:45,0.09648,58.954,0,0,85.425,0,0,13.13
28.10.2019 12:00,0.11502,61.353,0,21.266,85.425,0,0,13.05
28.10.2019 12:15,0.11502,55.315,0,21.266,85.425,0,0,12.98
28.10.2019 12:30,0.11502,58.227,0,21.266,85.224,0,0,12.96
28.10.2019 12:45,0.11502,56.669,0,0,85.224,0,0,13.04
28.10.2019 13:00,0.11001,54.136,0,20.47808,85.224,0,0,13.25
28.10.2019 13:15,0.11001,55.603,0,20.47808,85.224,0,0,13.59
28.10.2019 13:30,0.11001,53.841,0,20.47808,85.224,0,0,13.95
28.10.2019 13:45,0.11001,54.907,0,20.47808,85.023,0,0,14.25
28.10.2019 14:00,0.09999,54.934,0,19.69016,85.023,0,0,14.4
28.10.2019 14:15,0.09999,56.283,0,19.69016,85.023,0,0,14.38
28.10.2019 14:30,0.09999,54.761,0,19.69016,85.023,0,0,14.2
28.10.2019 14:45,0.09999,54.514,0,19.69016,85.023,0,0,13.88
28.10.2019 15:00,0.07008,54.267,0,19.69016,84.018,0,0,13.45
28.10.2019 15:15,0.07008,53.159,0,15.75056,83.214,0,0,12.96
28.10.2019 15:30,0.07008,51.838,0,12.59888,83.214,0,0,12.46
28.10.2019 15:45,0.07008,50.725,0,0,83.214,0,0,12.03
28.10.2019 16:00,0.06396,49.959,0,0,83.214,0,0,11.71
28.10.2019 16:15,0.06396,47.861,0,0,83.214,0,0,11.53
28.10.2019 16:30,0.06396,47.413,0,0,83.013,0,0,11.43
28.10.2019 16:45,0.06396,48.082,0,0,83.013,0,0,11.36
28.10.2019 17:00,0.06394,48.377,0,0,83.013,0,0,11.28
28.10.2019 17:15,0.06394,48.115,0,0,83.013,0,0,11.18
28.10.2019 17:30,0.06394,48.427,0,0,83.013,0,0,11.07
28.10.2019 17:45,0.06394,47.817,0,0,83.013,0,0,10.99
28.10.2019 18:00,0.05016,47.288,0,0,83.013,0,0,10.95
28.10.2019 18:15,0.05016,46.363,0,0,83.013,0,0,10.95
28.10.2019 18:30,0.05016,48.43,0,0,83.013,0,0,10.96
28.10.2019 18:45,0.05016,47.363,0,0,83.013,0,0,10.95
28.10.2019 19:00,0.04107,47.809,0,0,83.013,0,0,10.9
28.10.2019 19:15,0.04107,47.931,0,0,82.812,0,0,10.79
28.10.2019 19:30,0.04107,46.848,0,0,82.812,0,0,10.68
28.10.2019 19:45,0.04107,47.219,0,0,82.812,0,0,10.59
28.10.2019 20:00,0.0409,47.492,0,0,82.812,0,0,12.25
28.10.2019 20:15,0.0409,46.73,0,0,82.812,0,0,12.05
28.10.2019 20:30,0.0409,48.158,0,0,82.812,0,0,11.87
28.10.2019 20:45,0.0409,46.972,0,0,82.611,0,0,11.73
28.10.2019 21:00,0.03806,46.249,180,0,82.611,0,0,11.65
28.10.2019 21:15,0.03806,46.528,180,0,82.611,0,0,11.63
28.10.2019 21:30,0.03806,45.994,126.6811839,0,82.611,0,0,11.66
28.10.2019 21:45,0.03806,47.31,180,0,82.611,0,0,11.71
28.10.2019 22:00,0.04093,46.937,180,0,82.611,0,0,11.78
28.10.2019 22:15,0.04093,48.302,180,0,82.611,0,0,11.85
28.10.2019 22:30,0.04093,47.401,180,0,82.611,0,0,11.92
28.10.2019 22:45,0.04093,46.992,180,0,82.611,0,0,11.97
28.10.2019 23:00,0.04255,47.366,180,0,82.611,0,0,12.01
28.10.2019 23:15,0.04255,47.412,180,0,82.611,0,0,12.03
28.10.2019 23:30,0.04255,47.157,180,0,82.41,0,0,12.02
28.10.2019 23:45,0.04255,48.008,180,0,82.41,0,0,11.98
29.10.2019 00:00,0.04604,46.16,180,0,82.41,0,0,11.92
29.10.2019 00:15,0.04604,54.354,180,0,82.41,0,0,11.84
29.10.2019 00:30,0.04604,55.684,180,0,82.41,0,0,11.8
29.10.2019 00:45,0.04604,51.95,180,0,82.209,0.034,9,11.84
29.10.2019 01:00,0.05017,53.982,0,0,82.209,0.124,36,12.01
29.10.2019 01:15,0.05017,55.309,0,0,82.209,0.207,62,12.29
29.10.2019 01:30,0.05017,53.797,0,0,82.209,0.28,89,12.66
29.10.2019 01:45,0.05017,54.265,0,0,82.209,0.382,116,13.07
29.10.2019 02:00,0.06647,51.919,0,0,82.209,0.457,143,13.48
29.10.2019 02:15,0.06647,51.525,0,0,82.008,0.538,169,13.89
29.10.2019 02:30,0.06647,54.725,0,0,82.008,0.673,196,14.28
29.10.2019 02:45,0.06647,56.637,0,0,82.008,0.853,225,14.66
29.10.2019 03:00,0.06649,61.051,0,0,82.008,1.067,266,15.03
29.10.2019 03:15,0.06649,55.363,0,0,82.008,1.484,300,15.39
29.10.2019 03:30,0.06649,53.689,0,0,82.008,1.881,334,15.73
29.10.2019 03:45,0.06649,53.649,0,0,82.008,2.359,365,16.03
29.10.2019 04:00,0.0665,52.065,0,0,82.008,2.712,400,16.3
29.10.2019 04:15,0.0665,50.376,0,0,82.008,2.963,423,16.52
29.10.2019 04:30,0.0665,51.565,0,0,82.008,3.127,441,16.7
29.10.2019 04:45,0.0665,47.925,0,0,82.008,3.265,451,16.86
29.10.2019 05:00,0.06556,47.688,0,0,81.807,3.217,443,16.99
29.10.2019 05:15,0.06556,46.059,0,0,81.807,3.56,443,17.12
29.10.2019 05:30,0.06556,46.448,0,0,81.807,3.263,442,17.25
29.10.2019 05:45,0.06556,46.889,0,0,81.807,2.974,443,17.39
29.10.2019 06:00,0.06647,46.83,0,0,81.807,3.026,447,17.56
29.10.2019 06:15,0.06647,47.685,0,0,81.606,2.943,448,17.75
29.10.2019 06:30,0.06647,48.981,0,0,81.606,2.953,447,17.95
29.10.2019 06:45,0.06647,50.971,0,0,81.606,2.647,443,18.14
29.10.2019 07:00,0.06954,50.023,0,0,81.606,2.517,443,18.31
29.10.2019 07:15,0.06954,49.929,0,0,81.606,2.142,432,18.44
29.10.2019 07:30,0.06954,46.967,0,0,81.606,1.6,414,18.52
29.10.2019 07:45,0.06954,47.004,0,0,81.606,1.803,391,18.56
29.10.2019 08:00,0.06955,53.573,0,0,81.606,1.936,358,18.53
29.10.2019 08:15,0.06955,53.942,0,0,81.606,1.616,327,18.44
29.10.2019 08:30,0.06955,49.715,0,0,81.606,1.565,294,18.28
29.10.2019 08:45,0.06955,50.729,0,0,81.606,1.195,261,18.04
29.10.2019 09:00,0.06958,34.759,0,0,81.405,0.664,232,17.72
29.10.2019 09:15,0.06958,84.076,0,0,63.114,0.577,197,17.32
29.10.2019 09:30,0.06958,73.553,68.92244898,0,90.45,0.434,162,16.86
29.10.2019 09:45,0.06958,54.844,0,0,107.334,0.149,127,16.34
29.10.2019 10:00,0.07793,54.47,0,95.30522692,107.334,0.157,92,15.77
29.10.2019 10:15,0.07793,56.751,0,95.30522692,107.133,0.095,61,15.18
29.10.2019 10:30,0.07793,48.742,0,95.12675271,107.133,0.062,34,14.6
29.10.2019 10:45,0.07793,48.915,0,95.12675271,106.329,0.019,11,14.08
29.10.2019 11:00,0.06652,50.894,0,94.41285588,106.128,0,0,13.64
29.10.2019 11:15,0.06652,49.829,0,8.796824123,106.128,0,0,13.31
29.10.2019 11:30,0.06652,48.477,0,94.23438167,106.128,0,0,13.08
29.10.2019 11:45,0.06652,53.958,0,94.23438167,106.128,0,0,12.93
29.10.2019 12:00,0.06648,57.654,0,0,106.128,0,0,12.86
29.10.2019 12:15,0.06648,56.242,0,0,105.123,0,0,12.86
29.10.2019 12:30,0.06648,59.878,0,0,105.123,0,0,12.9
29.10.2019 12:45,0.06648,56.176,0,0,105.123,0,0,12.98
29.10.2019 13:00,0.06648,55.533,0,0,104.922,0,0,13.05
29.10.2019 13:15,0.06648,55.748,0,0,104.922,0,0,13.14
29.10.2019 13:30,0.06648,55.166,0,0,104.922,0,0,13.24
29.10.2019 13:45,0.06648,56.492,0,0,104.922,0,0,13.38
29.10.2019 14:00,0.06651,55.066,0,93.16353642,104.922,0,0,13.57
29.10.2019 14:15,0.06651,55.746,0,4.530703577,104.721,0,0,13.79
29.10.2019 14:30,0.06651,57.996,0,92.98506222,104.721,0,0,13.97
29.10.2019 14:45,0.06651,57.026,0,92.98506222,104.721,0,0,14.08
29.10.2019 15:00,0.06141,56.497,0,92.98506222,104.721,0,0,14.04
29.10.2019 15:15,0.06141,54.451,0,92.98506222,104.52,0,0,13.87
29.10.2019 15:30,0.06141,54.097,0,92.80658801,104.52,0,0,13.63
29.10.2019 15:45,0.06141,50.157,0,92.80658801,104.52,0,0,13.39
29.10.2019 16:00,0.05592,48.95,0,0,104.52,0,0,13.21
29.10.2019 16:15,0.05592,46.816,0,0,104.52,0,0,13.12
29.10.2019 16:30,0.05592,46.016,0,0,104.319,0,0,13.09
29.10.2019 16:45,0.05592,47.993,0,0,104.319,0,0,13.08
29.10.2019 17:00,0.04507,45.37,0,0,104.319,0,0,13.06
29.10.2019 17:15,0.04507,46.151,0,0,104.118,0,0,13.02
29.10.2019 17:30,0.04507,46.359,0,0,104.118,0,0,12.97
29.10.2019 17:45,0.04507,46.828,0,0,104.118,0,0,12.92
29.10.2019 18:00,0.04453,45.357,0,0,104.118,0,0,12.88
29.10.2019 18:15,0.04453,46.028,0,0,104.118,0,0,12.85
29.10.2019 18:30,0.04453,49.385,0,0,103.917,0,0,12.82
29.10.2019 18:45,0.04453,47.786,0,0,103.917,0,0,12.78
29.10.2019 19:00,0.03495,46.103,0,0,103.917,0,0,12.71
29.10.2019 19:15,0.03495,45.948,0,0,103.917,0,0,12.64
29.10.2019 19:30,0.03495,43.431,0,0,103.917,0,0,12.58
29.10.2019 19:45,0.03495,46.424,0,0,103.917,0,0,12.57
29.10.2019 20:00,0.03209,47.049,0,0,103.716,0,0,13.78
29.10.2019 20:15,0.03209,47.728,0,0,103.716,0,0,13.64
29.10.2019 20:30,0.03209,46.353,0,0,103.716,0,0,13.53
29.10.2019 20:45,0.03209,47.114,0,0,103.515,0,0,13.46
29.10.2019 21:00,0.03065,44.375,0,0,103.515,0,0,13.45
29.10.2019 21:15,0.03065,44.625,0,0,103.515,0,0,13.48
29.10.2019 21:30,0.03065,48.145,0,0,103.515,0,0,13.52
29.10.2019 21:45,0.03065,47.318,0,0,103.515,0,0,13.52
29.10.2019 22:00,0.03012,49.678,0,0,103.515,0,0,13.43
29.10.2019 22:15,0.03012,50.576,0,0,103.314,0,0,13.24
29.10.2019 22:30,0.03012,48.767,0,0,103.314,0,0,12.99
29.10.2019 22:45,0.03012,48.278,0,0,103.314,0,0,12.71
29.10.2019 23:00,0.02997,47.342,180,0,103.314,0,0,12.43
29.10.2019 23:15,0.02997,47.229,180,0,103.113,0,0,12.16
29.10.2019 23:30,0.02997,48.859,180,0,103.113,0,0,11.91
29.10.2019 23:45,0.02997,49.85,180,0,103.113,0,0,11.65
30.10.2019 00:00,0.03357,48.019,180,0,102.108,0,0,11.4
30.10.2019 00:15,0.03357,49.585,180,0,102.108,0,0,11.16
30.10.2019 00:30,0.03357,54.802,180,0,102.108,0,0,10.93
30.10.2019 00:45,0.03357,53.526,180,0,102.108,0,2,10.73
30.10.2019 01:00,0.04598,57.9,0,0,101.907,0,3,10.55
30.10.2019 01:15,0.04598,59.617,0,0,101.907,0,7,10.4
30.10.2019 01:30,0.04598,55.803,0,0,101.907,0,12,10.29
30.10.2019 01:45,0.04598,54.582,0,0,101.907,0,19,10.23
30.10.2019 02:00,0.05957,57.265,0,0,101.907,0.022,32,10.21
30.10.2019 02:15,0.05957,54.641,0,0,101.907,0.027,43,10.24
30.10.2019 02:30,0.05957,54.251,0,0,100.902,0.046,54,10.28
30.10.2019 02:45,0.05957,56.742,0,0,100.902,0.06,65,10.32
30.10.2019 03:00,0.06087,55.958,0,0,100.902,0.069,72,10.33
30.10.2019 03:15,0.06087,57.709,0,0,100.701,0.098,79,10.32
30.10.2019 03:30,0.06087,63.522,0,0,100.701,0.142,85,10.3
30.10.2019 03:45,0.06087,60.924,0,0,100.701,0.186,89,10.28
30.10.2019 04:00,0.05393,59.23,0,0,100.701,0.232,90,10.28
30.10.2019 04:15,0.05393,57.875,0,0,100.701,0.232,93,10.3
30.10.2019 04:30,0.05393,59.159,0,0,100.5,0.279,98,10.34
30.10.2019 04:45,0.05393,56.764,0,0,100.5,0.192,103,10.41
30.10.2019 05:00,0.05002,57.831,0,0,100.5,0.182,114,10.5
30.10.2019 05:15,0.05002,56.449,0,0,100.5,0.2,121,10.61
30.10.2019 05:30,0.05002,59.031,0,0,100.5,0.187,127,10.72
30.10.2019 05:45,0.05002,59.968,0,0,100.299,0.19,132,10.83
30.10.2019 06:00,0.05017,59.179,0,0,100.299,0.266,133,10.93
30.10.2019 06:15,0.05017,58.265,0,0,100.299,0.24,135,11.01
30.10.2019 06:30,0.05017,58.737,0,0,100.098,0.156,137,11.08
30.10.2019 06:45,0.05017,59.988,0,0,100.098,0.145,139,11.15
30.10.2019 07:00,0.06085,56.31,0,0,100.098,0.124,143,11.24
30.10.2019 07:15,0.06085,56.49,0,0,100.098,0.109,142,11.35
30.10.2019 07:30,0.06085,58.953,0,0,99.897,0.083,138,11.5
30.10.2019 07:45,0.06085,61.858,0,0,99.897,0.112,133,11.7
30.10.2019 08:00,0.06392,66.049,0,0,99.897,0.171,126,11.96
30.10.2019 08:15,0.06392,64.113,0,0,99.897,0.167,116,12.25
30.10.2019 08:30,0.06392,61.569,0,0,99.897,0.12,104,12.52
30.10.2019 08:45,0.06392,54.899,0,0,99.897,0.1,91,12.7
30.10.2019 09:00,0.06393,62.134,0,0,99.696,0.052,75,12.74
30.10.2019 09:15,0.06393,64.767,0,0,99.696,0.045,63,12.62
30.10.2019 09:30,0.06393,66.287,0,0,99.696,0.037,52,12.42
30.10.2019 09:45,0.06393,63.305,0,0,99.696,0.034,41,12.17
30.10.2019 10:00,0.06393,61.013,0,0,99.495,0.025,32,11.94
30.10.2019 10:15,0.06393,61.522,0,0,99.495,0.002,23,11.75
30.10.2019 10:30,0.06393,61.216,0,0,99.495,0,14,11.6
30.10.2019 10:45,0.06393,61.509,0,0,99.495,0,5,11.47
30.10.2019 11:00,0.06501,63.646,0,0,99.495,0,0,11.36
30.10.2019 11:15,0.06501,61.161,0,0,99.495,0,0,11.28
30.10.2019 11:30,0.06501,62.248,0,0,99.495,0,0,11.2
30.10.2019 11:45,0.06501,65.732,0,0,99.495,0,0,11.15
30.10.2019 12:00,0.06699,67.79,0,76.4204,99.294,0,0,11.12
30.10.2019 12:15,0.06699,65.029,0,75.63248,99.294,0,0,11.09
30.10.2019 12:30,0.06699,62.933,0,75.63248,99.294,0,0,11.08
30.10.2019 12:45,0.06699,60.828,0,75.63248,99.294,0,0,11.08
30.10.2019 13:00,0.06698,59.324,0,75.63248,99.294,0,0,11.07
30.10.2019 13:15,0.06698,61.468,0,75.63248,99.294,0,0,11.06
30.10.2019 13:30,0.06698,58.389,0,75.63248,99.294,0,0,11.05
30.10.2019 13:45,0.06698,55.939,0,75.63248,99.093,0,0,11.05
30.10.2019 14:00,0.06395,58.851,0,74.84456,99.093,0,0,11.05
30.10.2019 14:15,0.06395,56.715,0,74.84456,99.093,0,0,11.05
30.10.2019 14:30,0.06395,56.501,0,74.84456,99.093,0,0,11.05
30.10.2019 14:45,0.06395,55.635,0,74.84456,98.892,0,0,11.05
30.10.2019 15:00,0.06394,53.825,0,74.05664,98.892,0,0,11.04
30.10.2019 15:15,0.06394,55.04,0,74.05664,98.892,0,0,11.01
30.10.2019 15:30,0.06394,53.955,0,74.05664,98.892,0,0,10.96
30.10.2019 15:45,0.06394,52.744,0,74.05664,98.892,0,0,10.89
30.10.2019 16:00,0.04509,48.981,0,0,98.892,0,0,10.79
30.10.2019 16:15,0.04509,47.36,0,0,98.892,0,0,10.69
30.10.2019 16:30,0.04509,47.027,0,0,98.892,0,0,10.59
30.10.2019 16:45,0.04509,49.173,0,0,98.892,0,0,10.51
30.10.2019 17:00,0.04189,46.895,0,0,98.691,0,0,10.48
30.10.2019 17:15,0.04189,46.926,0,0,98.691,0,0,10.5
30.10.2019 17:30,0.04189,48.339,0,0,98.691,0,0,10.56
30.10.2019 17:45,0.04189,46.373,0,0,98.691,0,0,10.63
30.10.2019 18:00,0.03372,46.202,0,0,98.691,0,0,10.71
30.10.2019 18:15,0.03372,45.427,0,0,98.691,0,0,10.78
30.10.2019 18:30,0.03372,46.47,0,0,98.691,0,0,10.84
30.10.2019 18:45,0.03372,45.872,0,0,98.691,0,0,10.88
30.10.2019 19:00,0.02254,46.43,0,0,98.691,0,0,10.89
30.10.2019 19:15,0.02254,46.374,0,0,98.49,0,0,10.87
30.10.2019 19:30,0.02254,45.618,0,0,98.49,0,0,10.83
30.10.2019 19:45,0.02254,45.534,0,0,98.49,0,0,10.8
30.10.2019 20:00,0.02252,46.642,0,0,98.49,0,0,11.52
30.10.2019 20:15,0.02252,46.802,0,0,98.49,0,0,11.49
30.10.2019 20:30,0.02252,49.01,0,0,98.49,0,0,11.45
30.10.2019 20:45,0.02252,49.111,0,0,98.49,0,0,11.4
30.10.2019 21:00,0.02251,46.435,0,0,98.289,0,0,11.32
30.10.2019 21:15,0.02251,47.72,0,0,98.289,0,0,11.22
30.10.2019 21:30,0.02251,46.377,0,0,98.289,0,0,11.11
30.10.2019 21:45,0.02251,46.443,0,0,98.289,0,0,11.01
30.10.2019 22:00,0.0225,46.082,58.82040816,0,98.289,0,0,10.92
30.10.2019 22:15,0.0225,46.965,180,0,98.088,0,0,10.84
30.10.2019 22:30,0.0225,47.317,180,0,98.088,0,0,10.74
30.10.2019 22:45,0.0225,40.056,180,0,98.088,0,0,10.6
30.10.2019 23:00,0.02251,37.806,59.64081633,0,98.088,0,0,10.39
30.10.2019 23:15,0.02251,37.411,180,0,98.088,0,0,10.09
30.10.2019 23:30,0.02251,37.949,180,0,98.088,0,0,9.74
30.10.2019 23:45,0.02251,57.456,180,0,98.088,0,0,9.35
31.10.2019 00:00,0.02254,49.662,180,0,98.088,0,0,8.95
31.10.2019 00:15,0.02254,62.694,180,0,97.887,0,0,8.55
31.10.2019 00:30,0.02254,62.559,180,0,97.887,0,0,8.2
31.10.2019 00:45,0.02254,62.632,180,0,97.887,0,2,7.92
31.10.2019 01:00,0.03653,57.676,0,0,97.887,0,4,7.74
31.10.2019 01:15,0.03653,57.615,0,0,97.887,0,6,7.67
31.10.2019 01:30,0.03653,55.613,0,0,97.887,0.006,8,7.69
31.10.2019 01:45,0.03653,55.515,0,0,97.887,0.03,10,7.76
31.10.2019 02:00,0.04498,53.683,0,0,97.887,0.079,12,7.86
31.10.2019 02:15,0.04498,57.294,0,0,96.882,0.134,14,7.97
31.10.2019 02:30,0.04498,64.514,0,0,96.882,0.13,17,8.06
31.10.2019 02:45,0.04498,70.658,0,0,96.882,0.16,20,8.1
31.10.2019 03:00,0.04608,74.691,0,0,95.877,0.164,25,8.08
31.10.2019 03:15,0.04608,76.519,0,0,95.877,0.185,29,7.99
31.10.2019 03:30,0.04608,75.786,0,0,95.877,0.194,34,7.88
31.10.2019 03:45,0.04608,73.442,0,0,95.877,0.179,39,7.78
31.10.2019 04:00,0.04521,81.382,0,0,95.877,0.207,42,7.74
31.10.2019 04:15,0.04521,91.649,0,0,101.706,0.298,47,7.74
31.10.2019 04:30,0.04521,54.766,0,0,114.771,0.302,53,7.75
31.10.2019 04:45,0.04521,84.813,0,0,89.646,0.257,60,7.74
31.10.2019 05:00,0.04427,94.355,0,0,84.018,0.249,74,7.65
31.10.2019 05:15,0.04427,72.579,0,0,85.224,0.251,80,7.49
31.10.2019 05:30,0.04427,87.184,0,0,69.546,0.283,84,7.31
31.10.2019 05:45,0.04427,85.04,42.66938776,0,69.546,0.339,85,7.13
31.10.2019 06:00,0.04326,82.154,42.66938776,0,69.546,0.511,81,7.01
31.10.2019 06:15,0.04326,82.928,42.66938776,0,69.546,0.474,77,6.96
31.10.2019 06:30,0.04326,83.332,42.66938776,0,69.546,0.453,71,6.94
31.10.2019 06:45,0.04326,82.633,42.66938776,0,69.345,0.401,65,6.95
31.10.2019 07:00,0.04424,83.374,43.48979592,0,69.345,0.269,54,6.96
31.10.2019 07:15,0.04424,92.88,43.48979592,0,69.345,0.303,49,6.96
31.10.2019 07:30,0.04424,92.676,43.48979592,0,69.345,0.249,45,6.95
31.10.2019 07:45,0.04424,94.33,43.48979592,0,69.345,0.164,43,6.93
31.10.2019 08:00,0.04491,91.069,43.48979592,0,69.345,0.213,45,6.89
31.10.2019 08:15,0.04491,92.565,43.48979592,0,69.345,0.239,44,6.85
31.10.2019 08:30,0.04491,92.98,43.48979592,0,69.345,0.257,43,6.81
31.10.2019 08:45,0.04491,99.377,43.48979592,0,69.345,0.142,42,6.78
31.10.2019 09:00,0.04605,101.895,43.48979592,0,69.345,0.1,43,6.77
31.10.2019 09:15,0.04605,101.018,43.48979592,0,69.144,0.123,38,6.78
31.10.2019 09:30,0.04605,99.477,44.31020408,0,69.144,0.057,31,6.79
31.10.2019 09:45,0.04605,100.742,44.31020408,0,69.144,0.048,23,6.81
31.10.2019 10:00,0.0476,103.276,44.31020408,0,69.144,0.053,14,6.82
31.10.2019 10:15,0.0476,104.855,44.31020408,0,69.144,0.021,7,6.81
31.10.2019 10:30,0.0476,104.632,44.31020408,0,68.943,0,2,6.8
31.10.2019 10:45,0.0476,104.781,45.13061224,0,68.943,0,0,6.79
31.10.2019 11:00,0.05728,104.429,45.13061224,0,68.943,0,0,6.77
31.10.2019 11:15,0.05728,105.864,0,0,68.943,0,0,6.76
31.10.2019 11:30,0.05728,102.46,45.13061224,0,68.943,0,0,6.76
31.10.2019 11:45,0.05728,104.319,45.13061224,0,68.943,0,0,6.76
31.10.2019 12:00,0.06435,106.241,45.13061224,0,68.943,0,0,6.77
31.10.2019 12:15,0.06435,106.836,45.13061224,0,68.943,0,0,6.79
31.10.2019 12:30,0.06435,110.326,45.13061224,0,68.943,0,0,6.81
31.10.2019 12:45,0.06435,102.086,45.13061224,0,68.943,0,0,6.85
31.10.2019 13:00,0.05987,105.437,45.13061224,0,68.742,0,0,6.9
31.10.2019 13:15,0.05987,102.928,45.95102041,0,68.742,0,0,6.95
31.10.2019 13:30,0.05987,95.807,45.95102041,0,68.742,0,0,7
31.10.2019 13:45,0.05987,94.562,45.95102041,0,68.742,0,0,7.04
31.10.2019 14:00,0.04769,93.94,45.95102041,0,68.742,0,0,7.05
31.10.2019 14:15,0.04769,96.559,0,0,68.742,0,0,7.05
31.10.2019 14:30,0.04769,96.711,45.95102041,0,68.541,0,0,7.04
31.10.2019 14:45,0.04769,92.973,46.77142857,0,68.541,0,0,7.05
31.10.2019 15:00,0.04198,90.826,46.77142857,0,66.33,0,0,7.09
31.10.2019 15:15,0.04198,94.557,55.79591837,0,62.511,0,0,7.16
31.10.2019 15:30,0.04198,91.987,71.38367347,0,62.511,0,0,7.23
31.10.2019 15:45,0.04198,92.395,71.38367347,0,62.511,0,0,7.28
31.10.2019 16:00,0.03602,90.921,71.38367347,0,62.511,0,0,7.27
31.10.2019 16:15,0.03602,89.115,71.38367347,0,62.511,0,0,7.22
31.10.2019 16:30,0.03602,88.971,71.38367347,0,62.31,0,0,7.15
31.10.2019 16:45,0.03602,87.939,72.20408163,0,62.31,0,0,7.1
31.10.2019 17:00,0.02497,88.488,72.20408163,0,62.31,0,0,7.1
31.10.2019 17:15,0.02497,86.483,72.20408163,0,62.31,0,0,7.14
31.10.2019 17:30,0.02497,84.939,72.20408163,0,62.109,0,0,7.22
31.10.2019 17:45,0.02497,86.344,73.0244898,0,62.109,0,0,7.3
31.10.2019 18:00,0.02992,88.902,73.0244898,0,62.109,0,0,7.37
31.10.2019 18:15,0.02992,86.893,73.0244898,0,62.109,0,0,7.41
31.10.2019 18:30,0.02992,85.73,73.0244898,0,62.109,0,0,7.42
31.10.2019 18:45,0.02992,85.736,73.0244898,0,61.908,0,0,7.39
31.10.2019 19:00,0.02392,84.715,73.84489796,0,61.908,0,0,7.34
31.10.2019 19:15,0.02392,84.694,73.84489796,0,61.908,0,0,7.27
31.10.2019 19:30,0.02392,86.684,73.84489796,0,61.908,0,0,7.19
31.10.2019 19:45,0.02392,84.134,73.84489796,0,61.908,0,0,7.11
31.10.2019 20:00,0.02304,82.754,0,0,61.908,0,0,6.99
31.10.2019 20:15,0.02304,83.055,73.84489796,0,61.908,0,0,6.95
31.10.2019 20:30,0.02304,83.061,73.84489796,0,61.908,0,0,6.9
31.10.2019 20:45,0.02304,84.563,73.84489796,0,61.908,0,0,6.83
31.10.2019 21:00,0.02254,83.625,73.84489796,0,61.707,0,0,6.76
31.10.2019 21:15,0.02254,83.034,0,0,61.707,0,0,6.67
31.10.2019 21:30,0.02254,82.748,74.66530612,0,61.707,0,0,6.57
31.10.2019 21:45,0.02254,81.008,74.66530612,0,61.707,0,0,6.46
31.10.2019 22:00,0.02254,82.474,133.4693878,0,61.707,0,0,6.35
31.10.2019 22:15,0.02254,83.179,180,0,61.707,0,0,6.24
31.10.2019 22:30,0.02254,81.826,180,0,61.707,0,0,6.14
31.10.2019 22:45,0.02254,84.005,180,0,61.707,0,0,6.04
31.10.2019 23:00,0.02255,83.327,180,0,61.707,0,0,5.96
31.10.2019 23:15,0.02255,83.326,180,0,60.099,0,0,5.89
31.10.2019 23:30,0.02255,82.233,180,0,59.898,0,0,5.82
31.10.2019 23:45,0.02255,83.032,180,0,59.898,0,0,5.74
